date,year,month,nino_1_2,nino_3,nino_3_4,nino_4
1950-01-01,1950,1,-1.55,-2.1,-1.99,-1.38
1950-02-01,1950,2,-1.78,-1.52,-1.69,-1.53
1950-03-01,1950,3,-1.38,-0.84,-1.42,-1.8
1950-04-01,1950,4,-1.9,-1.14,-1.54,-1.73
1950-05-01,1950,5,-1.74,-1.57,-1.75,-1.18
1950-06-01,1950,6,-1.79,-1.11,-1.27,-0.84
1950-07-01,1950,7,-1.65,-0.9,-1.01,-1.26
1950-08-01,1950,8,-0.88,-0.65,-0.97,-1.25
1950-09-01,1950,9,-1.17,-0.89,-0.98,-1.49
1950-10-01,1950,10,-1.02,-0.81,-1.03,-1.63
1950-11-01,1950,11,-1.8,-1.24,-1.23,-1.7
1950-12-01,1950,12,-1.09,-1.08,-1.31,-1.4
1951-01-01,1951,1,-0.46,-0.87,-1.3,-1.1
1951-02-01,1951,2,-0.91,-0.76,-1.04,-1.11
1951-03-01,1951,3,-0.75,-0.33,-0.38,-0.58
1951-04-01,1951,4,-0.25,-0.21,-0.23,-0.42
1951-05-01,1951,5,0.17,-0.18,-0.01,0.26
1951-06-01,1951,6,1.49,0.04,0.0,0.08
1951-07-01,1951,7,1.86,0.62,0.3,0.23
1951-08-01,1951,8,1.17,0.41,0.17,-0.26
1951-09-01,1951,9,0.56,0.46,0.51,-0.12
1951-10-01,1951,10,0.72,0.6,0.49,-0.22
1951-11-01,1951,11,0.68,0.8,0.55,-0.04
1951-12-01,1951,12,0.02,0.61,0.31,0.04
1952-01-01,1952,1,-0.21,0.14,0.13,-0.04
1952-02-01,1952,2,-0.08,-0.04,-0.01,-0.16
1952-03-01,1952,3,-0.41,-0.15,-0.11,-0.34
1952-04-01,1952,4,-1.1,-0.31,-0.02,-0.16
1952-05-01,1952,5,-0.93,-0.61,-0.14,-0.25
1952-06-01,1952,6,-1.2,-0.92,-0.54,-0.47
1952-07-01,1952,7,-1.23,-0.99,-0.76,-0.77
1952-08-01,1952,8,-1.11,-0.68,-0.56,-0.79
1952-09-01,1952,9,-1.36,-0.64,-0.36,-0.37
1952-10-01,1952,10,-0.65,-0.62,-0.46,-0.7
1952-11-01,1952,11,-0.82,-1.03,-0.78,-0.54
1952-12-01,1952,12,-0.5,-0.56,-0.39,-0.69
1953-01-01,1953,1,-0.44,0.06,0.2,-0.34
1953-02-01,1953,2,0.17,0.22,0.24,-0.22
1953-03-01,1953,3,0.74,0.31,0.29,-0.29
1953-04-01,1953,4,1.47,0.13,0.22,-0.14
1953-05-01,1953,5,1.01,0.12,0.35,0.01
1953-06-01,1953,6,0.31,0.26,0.39,0.18
1953-07-01,1953,7,-0.0,-0.07,0.14,-0.05
1953-08-01,1953,8,0.17,-0.06,0.09,-0.22
1953-09-01,1953,9,0.33,0.28,0.29,-0.46
1953-10-01,1953,10,-0.18,0.12,0.16,-0.1
1953-11-01,1953,11,-0.14,0.04,0.18,-0.11
1953-12-01,1953,12,-0.59,0.2,0.41,0.03
1954-01-01,1954,1,-1.91,-0.16,0.43,0.04
1954-02-01,1954,2,-1.22,-0.13,0.28,-0.02
1954-03-01,1954,3,-1.32,-0.65,-0.38,-0.35
1954-04-01,1954,4,-3.09,-1.97,-1.17,-0.71
1954-05-01,1954,5,-2.99,-1.64,-0.81,-0.71
1954-06-01,1954,6,-2.46,-1.58,-0.93,-0.8
1954-07-01,1954,7,-2.83,-1.46,-1.18,-1.08
1954-08-01,1954,8,-1.69,-1.56,-1.43,-1.16
1954-09-01,1954,9,-1.71,-1.73,-1.6,-1.27
1954-10-01,1954,10,-2.04,-1.66,-1.48,-1.48
1954-11-01,1954,11,-1.45,-1.46,-1.13,-1.16
1954-12-01,1954,12,-1.47,-1.55,-1.33,-1.24
1955-01-01,1955,1,-0.84,-0.86,-0.93,-0.91
1955-02-01,1955,2,-1.13,-0.71,-0.95,-1.09
1955-03-01,1955,3,-1.37,-0.9,-1.06,-1.23
1955-04-01,1955,4,-1.24,-1.31,-1.22,-1.06
1955-05-01,1955,5,-2.16,-1.82,-1.28,-1.1
1955-06-01,1955,6,-1.92,-1.69,-1.18,-0.96
1955-07-01,1955,7,-1.44,-1.41,-1.15,-0.86
1955-08-01,1955,8,-1.55,-1.45,-1.35,-1.25
1955-09-01,1955,9,-1.47,-1.68,-1.43,-1.35
1955-10-01,1955,10,-1.82,-2.4,-2.31,-2.0
1955-11-01,1955,11,-1.83,-2.39,-2.45,-2.0
1955-12-01,1955,12,-1.69,-2.09,-2.03,-1.45
1956-01-01,1956,1,-1.31,-1.06,-1.2,-1.28
1956-02-01,1956,2,-1.2,-0.7,-0.99,-1.19
1956-03-01,1956,3,-0.75,-0.54,-0.83,-1.1
1956-04-01,1956,4,-1.15,-0.66,-0.97,-1.1
1956-05-01,1956,5,-1.21,-0.76,-0.8,-0.91
1956-06-01,1956,6,-0.94,-0.85,-0.92,-0.79
1956-07-01,1956,7,-0.14,-1.03,-1.06,-1.04
1956-08-01,1956,8,-0.43,-1.06,-1.17,-1.46
1956-09-01,1956,9,-1.01,-1.03,-0.98,-1.42
1956-10-01,1956,10,-1.19,-1.07,-0.97,-1.12
1956-11-01,1956,11,-1.06,-1.33,-1.14,-0.81
1956-12-01,1956,12,-1.32,-1.21,-0.89,-0.65
1957-01-01,1957,1,-1.66,-0.72,-0.51,-0.61
1957-02-01,1957,2,0.07,-0.2,-0.22,-0.47
1957-03-01,1957,3,0.78,0.26,0.18,-0.45
1957-04-01,1957,4,1.13,0.28,0.41,-0.06
1957-05-01,1957,5,2.4,0.53,0.62,0.01
1957-06-01,1957,6,2.01,0.69,0.63,-0.38
1957-07-01,1957,7,1.86,1.08,0.87,-0.55
1957-08-01,1957,8,1.2,0.88,0.84,-0.04
1957-09-01,1957,9,0.91,0.65,0.72,-0.11
1957-10-01,1957,10,0.63,0.61,0.7,0.02
1957-11-01,1957,11,0.56,0.91,0.92,0.07
1957-12-01,1957,12,0.66,1.25,1.3,0.34
1958-01-01,1958,1,0.14,1.3,1.78,0.73
1958-02-01,1958,2,0.26,1.03,1.49,0.93
1958-03-01,1958,3,0.48,0.52,0.98,0.67
1958-04-01,1958,4,0.71,0.23,0.46,0.27
1958-05-01,1958,5,0.12,0.04,0.38,0.07
1958-06-01,1958,6,-0.02,-0.05,0.26,0.02
1958-07-01,1958,7,0.06,-0.24,0.03,-0.06
1958-08-01,1958,8,-0.42,-0.21,-0.01,-0.14
1958-09-01,1958,9,-0.41,-0.51,-0.32,-0.15
1958-10-01,1958,10,-0.19,-0.5,-0.27,0.01
1958-11-01,1958,11,-0.38,-0.21,0.05,-0.02
1958-12-01,1958,12,-0.5,-0.42,0.02,0.11
1959-01-01,1959,1,-0.88,-0.08,0.53,0.05
1959-02-01,1959,2,-0.47,-0.06,0.43,-0.21
1959-03-01,1959,3,0.34,-0.13,0.19,-0.32
1959-04-01,1959,4,0.12,-0.13,0.06,-0.18
1959-05-01,1959,5,-0.39,-0.41,-0.23,-0.26
1959-06-01,1959,6,-0.63,-0.55,-0.35,-0.45
1959-07-01,1959,7,-0.57,-0.86,-0.86,-0.63
1959-08-01,1959,8,-1.01,-0.87,-0.77,-0.54
1959-09-01,1959,9,-0.61,-0.73,-0.8,-0.56
1959-10-01,1959,10,-0.29,-0.44,-0.48,-0.44
1959-11-01,1959,11,0.1,-0.53,-0.66,-0.66
1959-12-01,1959,12,-0.23,-0.48,-0.42,-0.51
1960-01-01,1960,1,-0.33,-0.34,-0.28,-0.7
1960-02-01,1960,2,-0.42,-0.47,-0.46,-0.75
1960-03-01,1960,3,-0.25,-0.33,-0.3,-0.57
1960-04-01,1960,4,-1.11,-0.43,-0.33,-0.62
1960-05-01,1960,5,-1.09,-0.54,-0.25,-0.5
1960-06-01,1960,6,-1.41,-0.75,-0.49,-0.64
1960-07-01,1960,7,-1.32,-0.59,-0.41,-0.75
1960-08-01,1960,8,-1.02,-0.33,-0.15,-0.72
1960-09-01,1960,9,-0.27,-0.34,-0.28,-0.71
1960-10-01,1960,10,-0.91,-0.87,-0.49,-0.6
1960-11-01,1960,11,-0.6,-0.95,-0.45,-0.38
1960-12-01,1960,12,-0.29,-0.66,-0.38,-0.13
1961-01-01,1961,1,-0.08,-0.55,-0.31,-0.35
1961-02-01,1961,2,0.45,-0.21,-0.19,-0.41
1961-03-01,1961,3,-0.73,-0.39,-0.35,-0.53
1961-04-01,1961,4,-0.78,-0.27,-0.46,-0.72
1961-05-01,1961,5,-0.92,-0.27,-0.18,-0.64
1961-06-01,1961,6,-0.98,-0.32,-0.06,-0.51
1961-07-01,1961,7,-1.53,-0.97,-0.41,-0.71
1961-08-01,1961,8,-1.14,-1.03,-0.67,-0.87
1961-09-01,1961,9,-1.14,-1.38,-0.94,-0.7
1961-10-01,1961,10,-1.05,-1.29,-1.01,-0.93
1961-11-01,1961,11,-0.67,-0.82,-0.63,-0.61
1961-12-01,1961,12,-0.88,-0.64,-0.63,-0.54
1962-01-01,1962,1,-0.74,-0.57,-0.59,-0.66
1962-02-01,1962,2,-0.73,-0.44,-0.57,-0.66
1962-03-01,1962,3,-2.13,-0.74,-0.48,-0.56
1962-04-01,1962,4,-2.38,-1.12,-0.69,-0.59
1962-05-01,1962,5,-1.51,-1.08,-0.89,-0.8
1962-06-01,1962,6,-1.35,-0.95,-0.65,-0.59
1962-07-01,1962,7,-1.32,-0.76,-0.53,-0.77
1962-08-01,1962,8,-0.77,-0.47,-0.53,-0.81
1962-09-01,1962,9,-0.74,-0.79,-0.78,-0.85
1962-10-01,1962,10,-1.17,-0.84,-0.75,-0.82
1962-11-01,1962,11,-0.87,-1.12,-0.95,-0.8
1962-12-01,1962,12,-1.09,-1.15,-0.93,-0.8
1963-01-01,1963,1,-0.85,-0.81,-0.78,-0.86
1963-02-01,1963,2,-0.82,-0.61,-0.53,-0.72
1963-03-01,1963,3,-0.76,-0.3,-0.1,-0.35
1963-04-01,1963,4,-1.21,-0.16,-0.03,-0.34
1963-05-01,1963,5,-0.57,-0.28,-0.3,-0.51
1963-06-01,1963,6,-0.87,-0.04,-0.11,-0.65
1963-07-01,1963,7,-0.34,0.44,0.49,-0.28
1963-08-01,1963,8,0.15,0.57,0.62,0.0
1963-09-01,1963,9,0.05,0.46,0.68,0.24
1963-10-01,1963,10,-0.05,0.43,0.64,0.23
1963-11-01,1963,11,-0.22,0.56,0.77,0.01
1963-12-01,1963,12,-0.29,0.76,1.02,0.0
1964-01-01,1964,1,-0.65,0.36,0.79,0.09
1964-02-01,1964,2,-1.29,-0.1,0.38,-0.15
1964-03-01,1964,3,-1.4,-0.48,-0.26,-0.64
1964-04-01,1964,4,-1.35,-1.39,-0.87,-0.61
1964-05-01,1964,5,-2.67,-1.83,-1.12,-0.71
1964-06-01,1964,6,-1.88,-1.62,-1.14,-1.03
1964-07-01,1964,7,-1.77,-1.11,-0.96,-1.11
1964-08-01,1964,8,-1.67,-1.57,-1.26,-1.37
1964-09-01,1964,9,-1.23,-1.16,-1.4,-1.71
1964-10-01,1964,10,-1.44,-1.22,-1.35,-1.62
1964-11-01,1964,11,-0.97,-1.18,-1.44,-1.74
1964-12-01,1964,12,-1.33,-1.5,-1.37,-1.6
1965-01-01,1965,1,-0.69,-0.96,-0.89,-1.09
1965-02-01,1965,2,-0.32,-0.54,-0.56,-0.76
1965-03-01,1965,3,-0.01,-0.28,-0.34,-0.75
1965-04-01,1965,4,1.34,-0.11,-0.44,-0.92
1965-05-01,1965,5,1.53,0.3,0.06,-0.41
1965-06-01,1965,6,1.23,0.48,0.36,-0.09
1965-07-01,1965,7,1.04,0.7,0.61,0.01
1965-08-01,1965,8,1.38,1.01,1.12,0.12
1965-09-01,1965,9,0.38,1.08,1.29,0.12
1965-10-01,1965,10,0.32,1.11,1.45,0.51
1965-11-01,1965,11,0.43,1.28,1.42,0.41
1965-12-01,1965,12,0.35,1.23,1.36,0.33
1966-01-01,1966,1,0.37,1.03,1.12,0.38
1966-02-01,1966,2,-0.62,0.49,0.8,0.44
1966-03-01,1966,3,-1.47,-0.02,0.93,0.76
1966-04-01,1966,4,-1.57,-0.28,0.35,0.17
1966-05-01,1966,5,-1.72,-1.05,-0.38,-0.06
1966-06-01,1966,6,-1.56,-0.73,-0.08,-0.04
1966-07-01,1966,7,-1.29,-0.54,0.04,0.08
1966-08-01,1966,8,-1.18,-0.76,-0.37,-0.21
1966-09-01,1966,9,-0.89,-0.9,-0.44,-0.19
1966-10-01,1966,10,-0.58,-0.75,-0.5,-0.08
1966-11-01,1966,11,-0.91,-0.99,-0.47,-0.05
1966-12-01,1966,12,-0.62,-1.1,-0.57,-0.33
1967-01-01,1967,1,-1.04,-0.73,-0.67,-0.72
1967-02-01,1967,2,-0.58,-0.5,-0.64,-0.78
1967-03-01,1967,3,-1.04,-0.9,-0.78,-0.5
1967-04-01,1967,4,-0.72,-1.23,-1.08,-0.19
1967-05-01,1967,5,-0.82,-0.66,-0.59,-0.15
1967-06-01,1967,6,-1.06,-0.38,-0.26,-0.39
1967-07-01,1967,7,-1.1,-0.69,-0.33,-0.38
1967-08-01,1967,8,-1.5,-0.99,-0.42,-0.47
1967-09-01,1967,9,-1.81,-1.39,-0.86,-0.56
1967-10-01,1967,10,-1.73,-1.36,-0.74,-0.43
1967-11-01,1967,11,-1.77,-1.21,-0.62,-0.36
1967-12-01,1967,12,-1.84,-1.24,-0.65,-0.39
1968-01-01,1968,1,-1.62,-1.4,-0.85,-0.46
1968-02-01,1968,2,-1.41,-1.57,-1.07,-0.47
1968-03-01,1968,3,-1.58,-1.44,-0.95,-0.57
1968-04-01,1968,4,-1.77,-1.09,-0.72,-0.46
1968-05-01,1968,5,-2.03,-1.21,-0.75,-0.6
1968-06-01,1968,6,-1.61,-0.43,0.15,-0.09
1968-07-01,1968,7,-0.81,0.07,0.28,-0.34
1968-08-01,1968,8,-0.26,0.03,0.16,-0.21
1968-09-01,1968,9,0.33,-0.09,0.01,-0.19
1968-10-01,1968,10,-0.14,-0.02,0.04,-0.07
1968-11-01,1968,11,-0.09,0.05,0.5,0.4
1968-12-01,1968,12,0.16,0.4,0.67,0.63
1969-01-01,1969,1,-0.2,0.45,0.95,0.92
1969-02-01,1969,2,-0.75,0.32,1.11,1.08
1969-03-01,1969,3,0.34,0.21,0.54,0.63
1969-04-01,1969,4,0.88,0.18,0.31,0.4
1969-05-01,1969,5,1.31,0.46,0.35,0.33
1969-06-01,1969,6,0.97,0.23,-0.04,-0.04
1969-07-01,1969,7,0.28,-0.09,-0.21,-0.17
1969-08-01,1969,8,-0.13,0.24,0.16,0.13
1969-09-01,1969,9,0.02,0.46,0.43,0.4
1969-10-01,1969,10,0.6,0.54,0.62,0.56
1969-11-01,1969,11,0.57,0.51,0.4,0.49
1969-12-01,1969,12,0.59,0.64,0.38,0.39
1970-01-01,1970,1,0.39,0.42,0.28,0.21
1970-02-01,1970,2,-0.38,0.0,0.2,0.29
1970-03-01,1970,3,-1.25,-0.38,-0.14,0.01
1970-04-01,1970,4,-0.98,-0.54,-0.08,-0.05
1970-05-01,1970,5,-1.79,-0.98,-0.3,-0.09
1970-06-01,1970,6,-2.0,-1.46,-0.69,-0.35
1970-07-01,1970,7,-2.51,-1.93,-1.08,-0.46
1970-08-01,1970,8,-1.85,-1.74,-1.26,-0.9
1970-09-01,1970,9,-1.43,-1.27,-1.07,-1.11
1970-10-01,1970,10,-1.14,-1.27,-1.12,-1.17
1970-11-01,1970,11,-1.17,-1.48,-1.13,-1.13
1970-12-01,1970,12,-1.15,-1.32,-1.33,-1.5
1971-01-01,1971,1,-1.44,-1.58,-1.73,-1.67
1971-02-01,1971,2,-1.68,-1.57,-1.57,-1.38
1971-03-01,1971,3,-1.45,-1.3,-1.36,-1.31
1971-04-01,1971,4,-0.66,-1.04,-1.18,-1.17
1971-05-01,1971,5,-1.24,-1.12,-0.98,-1.07
1971-06-01,1971,6,-1.54,-1.24,-1.13,-1.14
1971-07-01,1971,7,-1.03,-1.12,-1.17,-1.2
1971-08-01,1971,8,-1.23,-1.33,-1.1,-1.25
1971-09-01,1971,9,-1.22,-1.04,-1.0,-1.46
1971-10-01,1971,10,-1.29,-1.33,-1.24,-1.32
1971-11-01,1971,11,-0.76,-1.31,-1.15,-0.98
1971-12-01,1971,12,-0.99,-1.48,-1.23,-0.68
1972-01-01,1972,1,-0.38,-0.73,-0.92,-0.69
1972-02-01,1972,2,0.45,-0.52,-0.45,-0.31
1972-03-01,1972,3,0.58,-0.29,-0.19,-0.16
1972-04-01,1972,4,0.64,0.0,0.07,0.11
1972-05-01,1972,5,0.71,0.21,0.38,0.11
1972-06-01,1972,6,1.78,0.61,0.45,0.1
1972-07-01,1972,7,2.03,1.2,0.85,0.13
1972-08-01,1972,8,2.37,1.63,1.09,-0.04
1972-09-01,1972,9,1.23,1.43,1.23,0.11
1972-10-01,1972,10,1.39,1.74,1.54,0.4
1972-11-01,1972,11,1.38,1.99,1.9,0.53
1972-12-01,1972,12,2.01,2.25,2.09,0.67
1973-01-01,1973,1,1.26,1.78,1.8,0.67
1973-02-01,1973,2,0.16,0.79,1.2,0.4
1973-03-01,1973,3,-0.58,0.09,0.27,0.01
1973-04-01,1973,4,-1.11,-0.83,-0.58,-0.37
1973-05-01,1973,5,-1.37,-1.32,-0.97,-0.43
1973-06-01,1973,6,-1.61,-1.41,-1.18,-0.82
1973-07-01,1973,7,-1.23,-1.66,-1.54,-1.05
1973-08-01,1973,8,-1.62,-1.62,-1.63,-1.35
1973-09-01,1973,9,-1.31,-1.52,-1.66,-1.49
1973-10-01,1973,10,-1.08,-1.69,-1.98,-1.65
1973-11-01,1973,11,-1.12,-1.82,-2.37,-1.92
1973-12-01,1973,12,-1.14,-1.85,-2.26,-2.04
1974-01-01,1974,1,-1.35,-1.8,-2.09,-2.02
1974-02-01,1974,2,-1.38,-1.34,-1.66,-1.48
1974-03-01,1974,3,-0.84,-0.96,-1.45,-1.15
1974-04-01,1974,4,-0.39,-0.81,-1.36,-1.2
1974-05-01,1974,5,-0.2,-0.89,-1.29,-1.14
1974-06-01,1974,6,-0.78,-0.84,-1.2,-1.08
1974-07-01,1974,7,-0.58,-0.59,-0.9,-1.16
1974-08-01,1974,8,-0.46,-0.4,-0.52,-0.82
1974-09-01,1974,9,-0.63,-0.63,-0.64,-1.05
1974-10-01,1974,10,-1.2,-1.03,-0.94,-1.23
1974-11-01,1974,11,-1.0,-1.11,-1.09,-1.14
1974-12-01,1974,12,-1.46,-1.04,-0.97,-1.12
1975-01-01,1975,1,-1.15,-0.54,-0.45,-0.71
1975-02-01,1975,2,-1.18,-0.85,-0.68,-0.55
1975-03-01,1975,3,-0.33,-0.87,-1.09,-0.86
1975-04-01,1975,4,-0.0,-0.57,-0.96,-0.99
1975-05-01,1975,5,-0.96,-1.09,-1.13,-1.15
1975-06-01,1975,6,-1.43,-1.4,-1.5,-1.43
1975-07-01,1975,7,-0.93,-1.19,-1.39,-1.53
1975-08-01,1975,8,-0.95,-1.08,-1.52,-1.76
1975-09-01,1975,9,-1.57,-1.41,-1.66,-2.05
1975-10-01,1975,10,-1.97,-1.61,-1.83,-2.21
1975-11-01,1975,11,-2.25,-1.44,-1.66,-2.11
1975-12-01,1975,12,-1.88,-1.81,-1.93,-2.15
1976-01-01,1976,1,-1.12,-1.9,-2.01,-1.74
1976-02-01,1976,2,-0.64,-1.1,-1.26,-1.3
1976-03-01,1976,3,-0.53,-0.67,-0.82,-0.98
1976-04-01,1976,4,0.17,-0.66,-0.93,-0.82
1976-05-01,1976,5,0.7,-0.34,-0.74,-0.77
1976-06-01,1976,6,1.37,0.33,-0.38,-0.76
1976-07-01,1976,7,1.61,0.43,-0.16,-0.72
1976-08-01,1976,8,1.25,0.76,0.12,-0.62
1976-09-01,1976,9,0.83,0.82,0.3,-0.5
1976-10-01,1976,10,0.51,0.91,0.75,-0.03
1976-11-01,1976,11,0.49,0.78,0.71,0.09
1976-12-01,1976,12,0.39,0.66,0.49,-0.25
1977-01-01,1977,1,0.23,0.88,0.78,-0.1
1977-02-01,1977,2,-0.38,0.56,0.37,-0.15
1977-03-01,1977,3,-0.46,0.22,0.19,-0.23
1977-04-01,1977,4,-0.59,-0.64,-0.38,-0.23
1977-05-01,1977,5,-0.92,-0.38,-0.21,-0.35
1977-06-01,1977,6,-0.61,-0.19,0.01,-0.17
1977-07-01,1977,7,-0.5,-0.23,0.09,-0.06
1977-08-01,1977,8,-0.9,-0.38,-0.01,-0.08
1977-09-01,1977,9,-1.11,-0.03,0.4,0.19
1977-10-01,1977,10,-0.47,0.27,0.63,0.28
1977-11-01,1977,11,-0.47,0.19,0.48,0.32
1977-12-01,1977,12,-0.55,0.25,0.7,0.41
1978-01-01,1978,1,-0.41,0.14,0.62,0.4
1978-02-01,1978,2,-0.4,0.0,0.25,0.19
1978-03-01,1978,3,-1.21,-0.46,-0.2,-0.14
1978-04-01,1978,4,-0.77,-0.94,-0.7,-0.59
1978-05-01,1978,5,-1.25,-1.15,-0.74,-0.4
1978-06-01,1978,6,-1.18,-0.97,-0.71,-0.56
1978-07-01,1978,7,-0.94,-0.86,-0.55,-0.62
1978-08-01,1978,8,-1.37,-1.02,-0.79,-0.59
1978-09-01,1978,9,-0.88,-0.72,-0.71,-0.48
1978-10-01,1978,10,-0.96,-0.41,-0.46,-0.56
1978-11-01,1978,11,-0.04,-0.31,-0.38,-0.39
1978-12-01,1978,12,0.09,0.01,-0.06,-0.17
1979-01-01,1979,1,0.16,-0.32,-0.13,0.04
1979-02-01,1979,2,-0.58,-0.29,-0.22,-0.11
1979-03-01,1979,3,-0.58,-0.06,-0.02,-0.02
1979-04-01,1979,4,0.15,0.07,0.02,-0.02
1979-05-01,1979,5,-0.13,-0.05,-0.25,-0.18
1979-06-01,1979,6,0.16,-0.15,-0.29,-0.24
1979-07-01,1979,7,-0.26,-0.31,-0.47,-0.2
1979-08-01,1979,8,-0.07,0.13,-0.1,-0.45
1979-09-01,1979,9,0.43,0.58,0.28,-0.29
1979-10-01,1979,10,0.45,0.44,0.11,-0.18
1979-11-01,1979,11,0.14,0.39,0.29,0.12
1979-12-01,1979,12,-0.08,0.43,0.52,0.29
1980-01-01,1980,1,-0.25,0.38,0.54,0.37
1980-02-01,1980,2,-0.42,0.03,0.22,0.36
1980-03-01,1980,3,-0.01,-0.18,0.03,0.19
1980-04-01,1980,4,0.0,-0.2,-0.07,0.14
1980-05-01,1980,5,-0.43,-0.15,0.08,0.26
1980-06-01,1980,6,-0.36,0.08,0.21,0.16
1980-07-01,1980,7,-0.84,-0.23,-0.06,0.02
1980-08-01,1980,8,-0.48,-0.34,-0.38,-0.29
1980-09-01,1980,9,-0.3,-0.18,-0.28,-0.27
1980-10-01,1980,10,-0.5,-0.42,-0.26,-0.02
1980-11-01,1980,11,-0.41,-0.1,-0.1,-0.02
1980-12-01,1980,12,-0.4,0.01,0.05,-0.03
1981-01-01,1981,1,-1.5,-0.71,-0.36,-0.13
1981-02-01,1981,2,-1.17,-0.88,-0.64,-0.17
1981-03-01,1981,3,-0.55,-0.59,-0.64,-0.17
1981-04-01,1981,4,-0.73,-0.52,-0.53,-0.52
1981-05-01,1981,5,-0.77,-0.54,-0.57,-0.56
1981-06-01,1981,6,-0.63,-0.43,-0.46,-0.59
1981-07-01,1981,7,-0.89,-0.6,-0.64,-0.73
1981-08-01,1981,8,-1.13,-0.73,-0.53,-0.71
1981-09-01,1981,9,-0.79,-0.23,-0.19,-0.4
1981-10-01,1981,10,-0.57,-0.18,-0.3,-0.38
1981-11-01,1981,11,-0.46,-0.41,-0.41,-0.31
1981-12-01,1981,12,-0.18,-0.05,-0.2,-0.09
1982-01-01,1982,1,-0.26,0.2,0.13,-0.03
1982-02-01,1982,2,-0.79,-0.0,-0.17,-0.18
1982-03-01,1982,3,-1.29,-0.1,0.13,0.07
1982-04-01,1982,4,-0.81,-0.01,0.21,0.33
1982-05-01,1982,5,-0.31,0.39,0.45,0.39
1982-06-01,1982,6,0.13,0.54,0.53,0.45
1982-07-01,1982,7,0.47,0.41,0.37,0.13
1982-08-01,1982,8,0.8,0.95,0.73,0.09
1982-09-01,1982,9,1.31,1.89,1.49,0.33
1982-10-01,1982,10,1.81,2.3,1.99,0.67
1982-11-01,1982,11,3.03,2.4,1.92,0.57
1982-12-01,1982,12,3.16,2.86,2.2,0.51
1983-01-01,1983,1,2.65,3.0,2.35,0.39
1983-02-01,1983,2,2.03,2.3,1.94,0.33
1983-03-01,1983,3,2.23,1.68,1.38,0.23
1983-04-01,1983,4,3.32,1.55,0.95,0.04
1983-05-01,1983,5,3.85,1.73,0.9,0.16
1983-06-01,1983,6,4.24,1.52,0.54,-0.0
1983-07-01,1983,7,3.8,0.8,-0.11,-0.27
1983-08-01,1983,8,2.93,0.65,-0.27,-0.4
1983-09-01,1983,9,1.37,0.13,-0.52,-0.78
1983-10-01,1983,10,0.99,-0.61,-1.16,-0.89
1983-11-01,1983,11,0.4,-1.03,-1.29,-1.01
1983-12-01,1983,12,0.21,-0.84,-1.03,-0.83
1984-01-01,1984,1,-0.39,-0.58,-0.67,-0.83
1984-02-01,1984,2,-0.88,-0.15,-0.19,-0.72
1984-03-01,1984,3,-0.87,-0.23,-0.52,-0.85
1984-04-01,1984,4,-0.23,-0.49,-0.68,-0.88
1984-05-01,1984,5,-1.11,-0.93,-0.73,-0.78
1984-06-01,1984,6,-0.95,-1.17,-0.9,-0.78
1984-07-01,1984,7,-0.63,-0.78,-0.5,-0.59
1984-08-01,1984,8,-0.56,-0.41,-0.24,-0.62
1984-09-01,1984,9,-0.07,-0.34,-0.34,-0.54
1984-10-01,1984,10,-0.51,-0.67,-0.67,-0.74
1984-11-01,1984,11,-0.13,-0.99,-1.19,-0.91
1984-12-01,1984,12,-0.4,-1.27,-1.34,-0.95
1985-01-01,1985,1,-0.78,-1.26,-1.16,-0.64
1985-02-01,1985,2,-1.38,-0.9,-0.72,-0.71
1985-03-01,1985,3,-0.89,-0.78,-0.79,-1.01
1985-04-01,1985,4,-1.37,-1.05,-1.18,-1.14
1985-05-01,1985,5,-1.88,-1.07,-1.03,-0.98
1985-06-01,1985,6,-1.27,-1.02,-0.91,-0.95
1985-07-01,1985,7,-1.4,-1.1,-0.74,-0.72
1985-08-01,1985,8,-1.23,-0.88,-0.56,-0.58
1985-09-01,1985,9,-0.99,-0.86,-0.7,-0.48
1985-10-01,1985,10,-0.92,-0.8,-0.49,-0.4
1985-11-01,1985,11,-0.79,-0.7,-0.37,-0.35
1985-12-01,1985,12,-0.38,-0.73,-0.41,-0.24
1986-01-01,1986,1,-0.0,-0.8,-0.66,-0.25
1986-02-01,1986,2,-0.1,-0.53,-0.71,-0.23
1986-03-01,1986,3,-0.73,-0.37,-0.42,-0.16
1986-04-01,1986,4,-0.85,-0.38,-0.33,-0.34
1986-05-01,1986,5,-1.18,-0.6,-0.53,-0.33
1986-06-01,1986,6,-1.08,-0.45,-0.31,-0.19
1986-07-01,1986,7,-0.49,-0.14,-0.11,-0.08
1986-08-01,1986,8,-0.1,0.17,0.32,0.06
1986-09-01,1986,9,0.18,0.3,0.53,0.22
1986-10-01,1986,10,0.25,0.53,0.81,0.23
1986-11-01,1986,11,0.36,0.78,1.01,0.38
1986-12-01,1986,12,0.6,0.92,1.12,0.32
1987-01-01,1987,1,0.99,1.02,1.14,0.3
1987-02-01,1987,2,0.97,1.14,1.13,0.5
1987-03-01,1987,3,1.44,1.0,0.98,0.47
1987-04-01,1987,4,1.56,0.77,0.58,0.08
1987-05-01,1987,5,1.52,0.89,0.62,0.19
1987-06-01,1987,6,0.98,0.86,0.92,0.4
1987-07-01,1987,7,1.03,1.11,1.29,0.49
1987-08-01,1987,8,0.82,1.45,1.57,0.59
1987-09-01,1987,9,1.1,1.66,1.65,0.78
1987-10-01,1987,10,1.45,1.16,1.24,0.82
1987-11-01,1987,11,1.14,0.99,1.07,0.82
1987-12-01,1987,12,0.67,1.0,0.94,0.76
1988-01-01,1988,1,0.02,0.68,0.9,0.65
1988-02-01,1988,2,-0.31,-0.01,0.28,0.45
1988-03-01,1988,3,-0.81,-0.15,0.1,0.14
1988-04-01,1988,4,-0.83,-0.65,-0.44,-0.36
1988-05-01,1988,5,-1.26,-1.57,-1.25,-0.62
1988-06-01,1988,6,-1.66,-2.18,-1.74,-0.88
1988-07-01,1988,7,-1.37,-2.06,-1.74,-0.94
1988-08-01,1988,8,-1.46,-1.48,-1.19,-0.77
1988-09-01,1988,9,-1.29,-1.09,-1.0,-0.92
1988-10-01,1988,10,-1.2,-1.55,-1.9,-1.64
1988-11-01,1988,11,-0.96,-1.67,-2.05,-1.73
1988-12-01,1988,12,-0.75,-1.61,-1.96,-1.77
1989-01-01,1989,1,-0.3,-1.44,-1.97,-1.72
1989-02-01,1989,2,-0.06,-0.96,-1.47,-1.53
1989-03-01,1989,3,-0.15,-1.01,-1.21,-1.16
1989-04-01,1989,4,-0.09,-0.86,-1.08,-1.01
1989-05-01,1989,5,-1.2,-0.83,-0.88,-0.79
1989-06-01,1989,6,-1.08,-0.32,-0.59,-0.92
1989-07-01,1989,7,-0.79,-0.45,-0.57,-0.85
1989-08-01,1989,8,-0.3,-0.4,-0.53,-0.77
1989-09-01,1989,9,-0.65,-0.3,-0.3,-0.5
1989-10-01,1989,10,-0.48,-0.4,-0.4,-0.45
1989-11-01,1989,11,-0.24,-0.59,-0.45,-0.54
1989-12-01,1989,12,-0.4,-0.38,-0.13,-0.12
1990-01-01,1990,1,-0.48,-0.29,0.01,0.16
1990-02-01,1990,2,-0.16,0.01,0.21,0.38
1990-03-01,1990,3,-0.44,-0.28,0.04,0.31
1990-04-01,1990,4,-0.52,-0.1,0.08,0.12
1990-05-01,1990,5,-0.24,0.16,0.08,-0.06
1990-06-01,1990,6,-0.3,-0.04,-0.08,-0.05
1990-07-01,1990,7,-0.66,0.01,0.09,0.02
1990-08-01,1990,8,-0.44,0.11,0.22,0.13
1990-09-01,1990,9,-0.49,0.12,0.22,0.22
1990-10-01,1990,10,-0.7,-0.14,0.21,0.39
1990-11-01,1990,11,-0.65,-0.2,0.1,0.5
1990-12-01,1990,12,-0.5,-0.08,0.35,0.65
1991-01-01,1991,1,-0.54,0.13,0.49,0.58
1991-02-01,1991,2,-0.38,0.0,0.32,0.54
1991-03-01,1991,3,-0.21,-0.16,0.03,0.34
1991-04-01,1991,4,-0.3,-0.05,0.19,0.34
1991-05-01,1991,5,-0.33,0.24,0.26,0.46
1991-06-01,1991,6,0.21,0.68,0.52,0.38
1991-07-01,1991,7,0.6,0.83,0.76,0.45
1991-08-01,1991,8,0.37,0.51,0.68,0.47
1991-09-01,1991,9,0.46,0.36,0.42,0.33
1991-10-01,1991,10,0.65,0.61,0.86,0.7
1991-11-01,1991,11,0.72,0.95,1.2,0.69
1991-12-01,1991,12,0.83,1.25,1.69,0.81
1992-01-01,1992,1,0.47,1.37,1.84,0.62
1992-02-01,1992,2,0.61,1.27,1.78,0.89
1992-03-01,1992,3,1.24,1.05,1.38,0.64
1992-04-01,1992,4,2.19,1.17,1.2,0.46
1992-05-01,1992,5,2.22,1.19,1.04,0.31
1992-06-01,1992,6,0.85,0.55,0.58,0.27
1992-07-01,1992,7,-0.07,-0.06,0.22,0.31
1992-08-01,1992,8,-0.14,-0.08,0.05,0.14
1992-09-01,1992,9,0.03,-0.07,-0.06,0.1
1992-10-01,1992,10,0.01,-0.34,-0.3,-0.0
1992-11-01,1992,11,-0.07,-0.46,-0.28,-0.01
1992-12-01,1992,12,-0.1,-0.36,-0.15,0.07
1993-01-01,1993,1,-0.01,-0.11,0.14,0.22
1993-02-01,1993,2,0.3,0.39,0.41,0.1
1993-03-01,1993,3,0.6,0.4,0.39,0.05
1993-04-01,1993,4,1.25,0.84,0.59,0.04
1993-05-01,1993,5,1.15,1.07,0.78,0.07
1993-06-01,1993,6,1.04,0.44,0.35,0.04
1993-07-01,1993,7,0.7,0.24,0.23,0.07
1993-08-01,1993,8,0.56,0.24,0.13,0.13
1993-09-01,1993,9,0.38,0.32,0.35,0.3
1993-10-01,1993,10,0.55,0.13,0.06,0.02
1993-11-01,1993,11,0.31,-0.01,0.0,0.09
1993-12-01,1993,12,0.02,0.09,0.16,0.18
1994-01-01,1994,1,-0.09,0.2,0.1,0.11
1994-02-01,1994,2,-0.33,-0.08,0.06,-0.06
1994-03-01,1994,3,-1.01,-0.35,0.11,0.05
1994-04-01,1994,4,-1.27,-0.38,0.26,0.11
1994-05-01,1994,5,-1.06,-0.1,0.31,0.23
1994-06-01,1994,6,-0.91,-0.06,0.32,0.26
1994-07-01,1994,7,-0.87,-0.28,0.24,0.5
1994-08-01,1994,8,-1.03,-0.26,0.53,0.71
1994-09-01,1994,9,-0.15,-0.05,0.48,0.54
1994-10-01,1994,10,0.8,0.52,0.75,0.69
1994-11-01,1994,11,0.6,0.89,1.11,0.75
1994-12-01,1994,12,0.86,0.82,1.25,0.92
1995-01-01,1995,1,0.73,0.77,1.02,0.72
1995-02-01,1995,2,0.1,0.45,0.73,0.71
1995-03-01,1995,3,-0.49,-0.03,0.46,0.71
1995-04-01,1995,4,-1.55,-0.4,0.28,0.52
1995-05-01,1995,5,-1.41,-0.72,-0.11,0.39
1995-06-01,1995,6,-0.93,-0.55,-0.14,0.21
1995-07-01,1995,7,-0.61,-0.44,-0.21,0.03
1995-08-01,1995,8,-0.41,-0.9,-0.63,-0.14
1995-09-01,1995,9,-0.28,-1.04,-0.84,-0.35
1995-10-01,1995,10,-0.55,-1.0,-0.88,-0.45
1995-11-01,1995,11,-0.28,-1.07,-1.1,-0.59
1995-12-01,1995,12,-0.85,-0.98,-0.95,-0.5
1996-01-01,1996,1,-0.65,-0.81,-0.86,-0.47
1996-02-01,1996,2,-0.44,-0.67,-0.86,-0.52
1996-03-01,1996,3,-0.33,-0.53,-0.61,-0.4
1996-04-01,1996,4,-1.92,-0.83,-0.47,-0.46
1996-05-01,1996,5,-1.44,-0.74,-0.38,-0.45
1996-06-01,1996,6,-1.89,-0.76,-0.44,-0.48
1996-07-01,1996,7,-1.26,-0.64,-0.44,-0.45
1996-08-01,1996,8,-0.87,-0.42,-0.22,-0.32
1996-09-01,1996,9,-0.65,-0.5,-0.45,-0.37
1996-10-01,1996,10,-0.7,-0.59,-0.44,-0.31
1996-11-01,1996,11,-1.1,-0.66,-0.41,-0.23
1996-12-01,1996,12,-1.13,-1.01,-0.64,-0.19
1997-01-01,1997,1,-0.9,-0.89,-0.53,0.01
1997-02-01,1997,2,-0.22,-0.68,-0.37,0.19
1997-03-01,1997,3,0.54,-0.35,-0.25,0.24
1997-04-01,1997,4,0.91,-0.12,0.16,0.59
1997-05-01,1997,5,2.12,0.65,0.64,0.53
1997-06-01,1997,6,3.0,1.51,1.09,0.26
1997-07-01,1997,7,3.63,2.09,1.56,0.47
1997-08-01,1997,8,3.96,2.59,1.89,0.5
1997-09-01,1997,9,3.96,2.84,2.13,0.68
1997-10-01,1997,10,3.67,3.08,2.36,0.58
1997-11-01,1997,11,4.47,3.27,2.41,0.69
1997-12-01,1997,12,4.25,3.3,2.29,0.57
1998-01-01,1998,1,3.55,3.08,2.38,0.64
1998-02-01,1998,2,2.64,2.49,2.03,0.59
1998-03-01,1998,3,2.74,1.92,1.34,0.3
1998-04-01,1998,4,2.68,1.64,0.78,-0.07
1998-05-01,1998,5,2.72,1.39,0.57,-0.26
1998-06-01,1998,6,2.24,0.37,-0.39,-0.71
1998-07-01,1998,7,1.42,-0.38,-0.99,-0.78
1998-08-01,1998,8,0.96,-0.67,-1.28,-1.02
1998-09-01,1998,9,0.22,-0.95,-1.26,-1.02
1998-10-01,1998,10,0.33,-0.99,-1.46,-1.34
1998-11-01,1998,11,-0.14,-0.86,-1.46,-1.45
1998-12-01,1998,12,-0.18,-1.1,-1.69,-1.48
1999-01-01,1999,1,-0.78,-1.25,-1.69,-1.68
1999-02-01,1999,2,-0.54,-0.88,-1.32,-1.64
1999-03-01,1999,3,-0.04,-0.52,-0.95,-1.35
1999-04-01,1999,4,-0.9,-0.87,-1.11,-1.21
1999-05-01,1999,5,-0.69,-0.81,-1.15,-1.03
1999-06-01,1999,6,-0.76,-0.9,-1.19,-1.01
1999-07-01,1999,7,-0.23,-0.76,-1.17,-1.14
1999-08-01,1999,8,-0.11,-0.84,-1.22,-1.1
1999-09-01,1999,9,-1.05,-1.11,-1.09,-0.97
1999-10-01,1999,10,-0.86,-1.38,-1.23,-0.97
1999-11-01,1999,11,-1.23,-1.5,-1.58,-1.27
1999-12-01,1999,12,-0.64,-1.55,-1.74,-1.36
2000-01-01,2000,1,-0.76,-1.66,-1.77,-1.33
2000-02-01,2000,2,-0.62,-1.14,-1.55,-1.47
2000-03-01,2000,3,-0.47,-0.5,-0.98,-1.43
2000-04-01,2000,4,-0.04,-0.17,-0.87,-1.43
2000-05-01,2000,5,-0.4,-0.37,-0.86,-1.29
2000-06-01,2000,6,-0.38,-0.59,-0.79,-0.91
2000-07-01,2000,7,-0.28,-0.62,-0.67,-0.73
2000-08-01,2000,8,-0.57,-0.48,-0.49,-0.62
2000-09-01,2000,9,-0.23,-0.32,-0.52,-0.49
2000-10-01,2000,10,-0.27,-0.5,-0.7,-0.65
2000-11-01,2000,11,-1.19,-0.7,-0.79,-0.77
2000-12-01,2000,12,-0.96,-0.66,-0.92,-0.95
2001-01-01,2001,1,-0.63,-0.42,-0.73,-0.89
2001-02-01,2001,2,-0.48,-0.28,-0.63,-0.82
2001-03-01,2001,3,0.17,-0.01,-0.48,-0.71
2001-04-01,2001,4,0.18,-0.12,-0.49,-0.59
2001-05-01,2001,5,-0.71,-0.14,-0.34,-0.39
2001-06-01,2001,6,-0.85,-0.28,-0.19,-0.17
2001-07-01,2001,7,-0.58,-0.27,-0.04,0.09
2001-08-01,2001,8,-0.84,-0.22,-0.05,0.05
2001-09-01,2001,9,-1.13,-0.59,-0.2,0.21
2001-10-01,2001,10,-1.13,-0.43,-0.14,0.19
2001-11-01,2001,11,-0.89,-0.68,-0.37,0.08
2001-12-01,2001,12,-1.02,-0.62,-0.41,0.12
2002-01-01,2002,1,-0.78,-0.49,-0.15,0.4
2002-02-01,2002,2,-0.07,-0.24,-0.04,0.46
2002-03-01,2002,3,0.77,0.14,0.01,0.25
2002-04-01,2002,4,0.82,0.0,0.02,0.41
2002-05-01,2002,5,0.63,0.26,0.31,0.6
2002-06-01,2002,6,0.38,0.57,0.72,0.64
2002-07-01,2002,7,-0.23,0.39,0.74,0.63
2002-08-01,2002,8,-0.26,0.51,0.87,0.64
2002-09-01,2002,9,0.2,0.86,1.09,0.61
2002-10-01,2002,10,0.37,0.99,1.25,0.65
2002-11-01,2002,11,0.97,1.3,1.47,0.85
2002-12-01,2002,12,1.1,1.21,1.37,0.84
2003-01-01,2003,1,0.13,0.57,0.6,0.57
2003-02-01,2003,2,-0.12,0.44,0.64,0.69
2003-03-01,2003,3,-0.07,0.19,0.36,0.6
2003-04-01,2003,4,-0.56,-0.44,-0.14,0.33
2003-05-01,2003,5,-1.65,-0.96,-0.61,-0.05
2003-06-01,2003,6,-1.35,-0.59,-0.29,0.1
2003-07-01,2003,7,-1.01,0.12,0.21,0.19
2003-08-01,2003,8,0.01,0.26,0.26,0.19
2003-09-01,2003,9,-0.45,0.15,0.27,0.18
2003-10-01,2003,10,0.23,0.4,0.42,0.36
2003-11-01,2003,11,0.28,0.64,0.33,0.37
2003-12-01,2003,12,0.22,0.77,0.43,0.43
2004-01-01,2004,1,-0.21,0.42,0.27,0.43
2004-02-01,2004,2,-0.07,0.3,0.23,0.38
2004-03-01,2004,3,-0.74,0.13,0.12,0.1
2004-04-01,2004,4,-0.57,-0.07,0.07,0.09
2004-05-01,2004,5,-1.59,-0.45,0.06,0.11
2004-06-01,2004,6,-1.07,-0.26,0.13,0.22
2004-07-01,2004,7,-0.78,-0.02,0.49,0.42
2004-08-01,2004,8,-0.75,0.24,0.76,0.55
2004-09-01,2004,9,-0.27,0.45,0.81,0.69
2004-10-01,2004,10,0.15,0.54,0.73,0.7
2004-11-01,2004,11,0.72,0.63,0.66,0.76
2004-12-01,2004,12,0.36,0.69,0.74,0.87
2005-01-01,2005,1,-0.02,0.32,0.66,0.88
2005-02-01,2005,2,-0.94,-0.09,0.36,0.67
2005-03-01,2005,3,-1.46,-0.07,0.45,0.61
2005-04-01,2005,4,-0.42,-0.05,0.26,0.42
2005-05-01,2005,5,-0.38,0.16,0.3,0.29
2005-06-01,2005,6,-0.77,0.06,0.04,0.17
2005-07-01,2005,7,-0.35,0.1,-0.23,-0.11
2005-08-01,2005,8,-0.4,0.18,-0.05,-0.06
2005-09-01,2005,9,-0.74,-0.08,-0.04,0.03
2005-10-01,2005,10,-1.27,-0.34,-0.06,0.09
2005-11-01,2005,11,-1.43,-1.13,-0.59,-0.14
2005-12-01,2005,12,-0.92,-1.22,-0.92,-0.26
2006-01-01,2006,1,-0.37,-0.81,-0.91,-0.5
2006-02-01,2006,2,0.22,-0.35,-0.67,-0.67
2006-03-01,2006,3,-0.29,-0.55,-0.71,-0.59
2006-04-01,2006,4,-1.5,-0.42,-0.32,-0.34
2006-05-01,2006,5,-0.56,-0.08,-0.09,-0.06
2006-06-01,2006,6,-0.21,-0.01,0.0,0.06
2006-07-01,2006,7,0.2,0.01,0.01,0.2
2006-08-01,2006,8,0.7,0.39,0.31,0.42
2006-09-01,2006,9,0.97,0.83,0.6,0.63
2006-10-01,2006,10,1.05,0.88,0.7,0.69
2006-11-01,2006,11,0.79,0.99,0.99,0.92
2006-12-01,2006,12,0.71,1.14,1.14,0.92
2007-01-01,2007,1,0.66,0.87,0.7,0.65
2007-02-01,2007,2,0.11,0.08,0.13,0.46
2007-03-01,2007,3,-0.64,-0.4,-0.18,0.34
2007-04-01,2007,4,-1.22,-0.63,-0.32,0.1
2007-05-01,2007,5,-1.79,-0.88,-0.47,-0.08
2007-06-01,2007,6,-1.61,-0.72,-0.35,-0.07
2007-07-01,2007,7,-0.98,-0.95,-0.59,-0.22
2007-08-01,2007,8,-1.2,-1.18,-0.72,-0.31
2007-09-01,2007,9,-0.97,-1.27,-1.11,-0.65
2007-10-01,2007,10,-1.52,-1.43,-1.39,-0.85
2007-11-01,2007,11,-1.73,-1.62,-1.54,-1.09
2007-12-01,2007,12,-1.66,-1.66,-1.58,-1.12
2008-01-01,2008,1,-0.48,-1.46,-1.68,-1.45
2008-02-01,2008,2,0.22,-1.24,-1.67,-1.58
2008-03-01,2008,3,0.39,-0.75,-1.21,-1.35
2008-04-01,2008,4,0.41,-0.46,-0.99,-1.16
2008-05-01,2008,5,0.54,-0.25,-0.84,-1.11
2008-06-01,2008,6,0.55,-0.16,-0.68,-1.01
2008-07-01,2008,7,0.99,0.28,-0.3,-0.83
2008-08-01,2008,8,1.4,0.5,-0.13,-0.75
2008-09-01,2008,9,1.02,0.3,-0.25,-0.68
2008-10-01,2008,10,0.35,0.09,-0.35,-0.59
2008-11-01,2008,11,-0.28,-0.12,-0.46,-0.72
2008-12-01,2008,12,-0.45,-0.56,-0.86,-0.81
2009-01-01,2009,1,-0.17,-0.51,-0.89,-0.95
2009-02-01,2009,2,-0.68,-0.57,-0.79,-0.85
2009-03-01,2009,3,-0.81,-0.71,-0.69,-0.58
2009-04-01,2009,4,0.41,-0.17,-0.35,-0.26
2009-05-01,2009,5,0.34,0.29,0.06,-0.01
2009-06-01,2009,6,0.65,0.56,0.31,0.18
2009-07-01,2009,7,0.75,0.69,0.48,0.29
2009-08-01,2009,8,0.84,0.8,0.56,0.44
2009-09-01,2009,9,0.51,0.78,0.68,0.57
2009-10-01,2009,10,0.32,0.78,0.89,0.92
2009-11-01,2009,11,0.33,1.08,1.46,1.12
2009-12-01,2009,12,0.6,1.33,1.74,1.18
2010-01-01,2010,1,0.28,1.07,1.52,1.12
2010-02-01,2010,2,0.12,0.88,1.25,0.88
2010-03-01,2010,3,0.07,0.55,0.9,0.75
2010-04-01,2010,4,-0.11,0.27,0.38,0.5
2010-05-01,2010,5,0.24,-0.17,-0.22,0.1
2010-06-01,2010,6,0.01,-0.71,-0.69,-0.31
2010-07-01,2010,7,-1.03,-1.01,-1.07,-0.79
2010-08-01,2010,8,-1.31,-1.14,-1.39,-1.25
2010-09-01,2010,9,-1.22,-1.29,-1.6,-1.44
2010-10-01,2010,10,-1.28,-1.48,-1.69,-1.61
2010-11-01,2010,11,-1.31,-1.52,-1.64,-1.59
2010-12-01,2010,12,-0.9,-1.5,-1.6,-1.45
2011-01-01,2011,1,-0.48,-1.26,-1.54,-1.4
2011-02-01,2011,2,-0.16,-0.77,-1.11,-1.05
2011-03-01,2011,3,-0.88,-0.73,-0.93,-0.81
2011-04-01,2011,4,-0.19,-0.33,-0.77,-0.74
2011-05-01,2011,5,0.11,-0.29,-0.52,-0.57
2011-06-01,2011,6,0.3,-0.12,-0.38,-0.51
2011-07-01,2011,7,0.1,-0.2,-0.43,-0.48
2011-08-01,2011,8,-0.21,-0.39,-0.65,-0.63
2011-09-01,2011,9,-0.74,-0.61,-0.8,-0.76
2011-10-01,2011,10,-0.78,-1.06,-1.05,-0.9
2011-11-01,2011,11,-0.57,-1.12,-1.19,-0.9
2011-12-01,2011,12,-0.68,-0.92,-1.06,-1.01
2012-01-01,2012,1,-0.18,-0.57,-0.87,-1.02
2012-02-01,2012,2,0.36,-0.19,-0.67,-0.91
2012-03-01,2012,3,0.16,-0.18,-0.61,-0.77
2012-04-01,2012,4,0.9,-0.02,-0.5,-0.59
2012-05-01,2012,5,0.87,0.09,-0.32,-0.52
2012-06-01,2012,6,1.02,0.44,0.02,-0.39
2012-07-01,2012,7,0.4,0.57,0.25,-0.26
2012-08-01,2012,8,0.07,0.52,0.47,0.08
2012-09-01,2012,9,0.06,0.34,0.38,0.21
2012-10-01,2012,10,-0.37,0.02,0.26,0.31
2012-11-01,2012,11,-0.41,-0.02,0.16,0.3
2012-12-01,2012,12,-0.85,-0.42,-0.25,0.06
2013-01-01,2013,1,-0.68,-0.66,-0.53,-0.08
2013-02-01,2013,2,-0.73,-0.56,-0.52,-0.19
2013-03-01,2013,3,-0.67,-0.12,-0.25,-0.37
2013-04-01,2013,4,-1.23,-0.36,-0.25,-0.27
2013-05-01,2013,5,-1.58,-0.82,-0.4,-0.23
2013-06-01,2013,6,-1.91,-0.89,-0.42,-0.2
2013-07-01,2013,7,-1.6,-0.7,-0.39,-0.24
2013-08-01,2013,8,-1.16,-0.65,-0.38,-0.18
2013-09-01,2013,9,-0.77,-0.33,-0.18,-0.11
2013-10-01,2013,10,-0.75,-0.19,-0.2,-0.04
2013-11-01,2013,11,-0.56,-0.2,-0.14,0.04
2013-12-01,2013,12,-0.44,-0.13,-0.17,-0.06
2014-01-01,2014,1,-0.01,-0.43,-0.49,-0.18
2014-02-01,2014,2,-0.61,-0.79,-0.62,0.07
2014-03-01,2014,3,-0.31,-0.32,-0.28,0.28
2014-04-01,2014,4,-0.03,0.06,0.08,0.35
2014-05-01,2014,5,1.06,0.38,0.32,0.53
2014-06-01,2014,6,1.54,0.53,0.23,0.39
2014-07-01,2014,7,0.98,0.31,-0.06,0.14
2014-08-01,2014,8,0.89,0.18,-0.03,0.25
2014-09-01,2014,9,0.8,0.37,0.29,0.39
2014-10-01,2014,10,0.69,0.58,0.44,0.48
2014-11-01,2014,11,0.8,0.77,0.75,0.73
2014-12-01,2014,12,0.41,0.68,0.71,0.76
2015-01-01,2015,1,-0.16,0.35,0.51,0.75
2015-02-01,2015,2,-0.53,0.05,0.42,0.87
2015-03-01,2015,3,0.09,0.1,0.47,0.9
2015-04-01,2015,4,1.0,0.63,0.7,0.98
2015-05-01,2015,5,1.55,0.94,0.92,0.94
2015-06-01,2015,6,2.19,1.45,1.18,0.92
2015-07-01,2015,7,2.54,1.85,1.46,0.88
2015-08-01,2015,8,1.65,2.09,1.93,0.99
2015-09-01,2015,9,2.28,2.5,2.21,1.06
2015-10-01,2015,10,2.12,2.62,2.36,1.08
2015-11-01,2015,11,2.28,2.84,2.72,1.44
2015-12-01,2015,12,2.21,2.84,2.66,1.37
2016-01-01,2016,1,1.79,2.59,2.57,1.22
2016-02-01,2016,2,1.3,1.97,2.26,1.22
2016-03-01,2016,3,1.35,1.53,1.62,1.07
2016-04-01,2016,4,0.45,0.62,0.91,0.74
2016-05-01,2016,5,0.49,-0.03,0.3,0.53
2016-06-01,2016,6,0.64,-0.14,-0.03,0.39
2016-07-01,2016,7,0.25,-0.61,-0.48,0.15
2016-08-01,2016,8,0.24,-0.53,-0.58,-0.06
2016-09-01,2016,9,0.57,-0.26,-0.58,-0.25
2016-10-01,2016,10,0.34,-0.56,-0.74,-0.44
2016-11-01,2016,11,0.12,-0.62,-0.76,-0.46
2016-12-01,2016,12,0.43,-0.47,-0.5,-0.19
2017-01-01,2017,1,0.93,-0.08,-0.43,-0.16
2017-02-01,2017,2,1.36,0.42,-0.08,-0.09
2017-03-01,2017,3,1.61,0.35,0.03,-0.03
2017-04-01,2017,4,1.05,0.45,0.22,0.06
2017-05-01,2017,5,0.21,0.29,0.37,0.19
2017-06-01,2017,6,-0.24,0.06,0.34,0.32
2017-07-01,2017,7,-0.32,0.04,0.25,0.26
2017-08-01,2017,8,-0.34,-0.25,-0.16,0.08
2017-09-01,2017,9,-0.81,-0.72,-0.43,-0.04
2017-10-01,2017,10,-0.81,-0.72,-0.56,-0.2
2017-11-01,2017,11,-1.2,-1.08,-0.97,-0.4
2017-12-01,2017,12,-1.42,-1.22,-0.98,-0.52
2018-01-01,2018,1,-1.12,-1.18,-0.98,-0.44
2018-02-01,2018,2,-0.97,-0.9,-0.78,-0.35
2018-03-01,2018,3,-1.35,-0.93,-0.8,-0.22
2018-04-01,2018,4,-1.03,-0.62,-0.51,0.02
2018-05-01,2018,5,-0.75,-0.33,-0.2,0.16
2018-06-01,2018,6,-0.72,0.01,0.04,0.24
2018-07-01,2018,7,-0.4,0.11,0.12,0.23
2018-08-01,2018,8,-0.27,-0.06,0.09,0.45
2018-09-01,2018,9,-0.08,0.35,0.47,0.58
2018-10-01,2018,10,0.16,0.75,0.9,0.95
2018-11-01,2018,11,0.81,0.9,0.9,0.92
2018-12-01,2018,12,1.05,0.92,0.89,0.91
2019-01-01,2019,1,0.83,0.6,0.65,0.76
2019-02-01,2019,2,0.52,0.59,0.71,0.71
2019-03-01,2019,3,0.12,0.64,0.81,0.64
2019-04-01,2019,4,0.3,0.55,0.62,0.52
2019-05-01,2019,5,0.2,0.5,0.55,0.54
2019-06-01,2019,6,-0.34,0.2,0.45,0.61
2019-07-01,2019,7,-0.69,-0.1,0.35,0.76
2019-08-01,2019,8,-0.76,-0.32,0.04,0.65
2019-09-01,2019,9,-0.71,-0.27,0.03,0.58
2019-10-01,2019,10,-0.74,0.16,0.48,0.75
2019-11-01,2019,11,-0.11,0.33,0.52,0.76
2019-12-01,2019,12,-0.04,0.24,0.52,0.87
2020-01-01,2020,1,-0.37,0.22,0.6,0.85
2020-02-01,2020,2,0.02,0.1,0.37,0.78
2020-03-01,2020,3,-0.06,0.2,0.48,0.75
2020-04-01,2020,4,0.28,0.27,0.36,0.52
2020-05-01,2020,5,-0.14,-0.33,-0.27,0.09
2020-06-01,2020,6,-0.7,-0.69,-0.34,0.12
2020-07-01,2020,7,-1.28,-0.59,-0.3,-0.01
2020-08-01,2020,8,-1.05,-0.61,-0.59,-0.31
2020-09-01,2020,9,-1.22,-0.99,-0.83,-0.55
2020-10-01,2020,10,-0.6,-1.1,-1.26,-0.8
2020-11-01,2020,11,-0.58,-1.21,-1.42,-0.9
2020-12-01,2020,12,-0.6,-0.82,-1.15,-1.0
2021-01-01,2021,1,-0.88,-0.62,-1.0,-1.05
2021-02-01,2021,2,-0.86,-0.73,-1.0,-0.96
2021-03-01,2021,3,-0.75,-0.69,-0.8,-0.65
2021-04-01,2021,4,-0.94,-0.79,-0.72,-0.43
2021-05-01,2021,5,-0.79,-0.56,-0.46,-0.21
2021-06-01,2021,6,-0.37,-0.32,-0.28,-0.14
2021-07-01,2021,7,-0.21,-0.32,-0.39,-0.23
2021-08-01,2021,8,-0.29,-0.45,-0.53,-0.28
2021-09-01,2021,9,-0.7,-0.43,-0.55,-0.54
2021-10-01,2021,10,-0.87,-0.78,-0.94,-0.73
2021-11-01,2021,11,-1.12,-1.03,-0.94,-0.68
2021-12-01,2021,12,-1.69,-1.27,-1.06,-0.74
2022-01-01,2022,1,-1.11,-1.31,-0.94,-0.37
2022-02-01,2022,2,-1.58,-1.14,-0.89,-0.37
2022-03-01,2022,3,-0.76,-0.73,-0.97,-0.69
2022-04-01,2022,4,-1.4,-0.92,-1.11,-0.83
2022-05-01,2022,5,-1.66,-1.05,-1.11,-0.8
2022-06-01,2022,6,-1.49,-0.81,-0.75,-0.7
2022-07-01,2022,7,-1.2,-0.53,-0.69,-0.98
2022-08-01,2022,8,-0.6,-0.67,-0.97,-1.09
2022-09-01,2022,9,-1.02,-0.96,-1.07,-1.17
2022-10-01,2022,10,-1.78,-1.11,-0.99,-1.12
2022-11-01,2022,11,-1.13,-0.94,-0.9,-0.99
2022-12-01,2022,12,-0.46,-0.82,-0.85,-0.84
2023-01-01,2023,1,-0.56,-0.56,-0.72,-0.66
2023-02-01,2023,2,0.48,-0.1,-0.46,-0.55
2023-03-01,2023,3,1.49,0.3,-0.11,-0.25
2023-04-01,2023,4,2.62,0.47,0.14,0.13
2023-05-01,2023,5,2.22,0.84,0.46,0.3
2023-06-01,2023,6,2.5,1.26,0.84,0.58
2023-07-01,2023,7,2.98,1.6,1.02,0.7
2023-08-01,2023,8,3.29,2.0,1.35,0.93
2023-09-01,2023,9,2.42,2.1,1.6,1.12
2023-10-01,2023,10,2.32,2.15,1.72,1.23
2023-11-01,2023,11,2.07,2.1,2.02,1.51
2023-12-01,2023,12,1.61,2.02,2.03,1.5
2024-01-01,2024,1,1.29,1.85,1.81,1.54
2024-02-01,2024,2,1.12,1.52,1.52,1.26
2024-03-01,2024,3,0.25,0.83,1.13,0.99
2024-04-01,2024,4,-0.21,0.5,0.77,0.92
2024-05-01,2024,5,-1.16,-0.19,0.23,0.79
2024-06-01,2024,6,-0.95,-0.27,0.17,0.71
2024-07-01,2024,7,-0.78,-0.14,0.04,0.51
2024-08-01,2024,8,-0.42,-0.29,-0.12,0.41
2024-09-01,2024,9,-0.75,-0.2,-0.26,0.15
2024-10-01,2024,10,-0.32,-0.16,-0.27,0.12
2024-11-01,2024,11,0.06,-0.16,-0.25,0.12
2024-12-01,2024,12,-0.03,-0.39,-0.6,-0.28
2025-01-01,2025,1,-0.33,-0.3,-0.74,-0.55
2025-02-01,2025,2,0.58,0.02,-0.43,-0.52
2025-03-01,2025,3,0.99,0.45,0.01,-0.34
2025-04-01,2025,4,0.42,0.05,-0.14,-0.17
2025-05-01,2025,5,-0.06,-0.13,-0.13,0.04
2025-06-01,2025,6,0.09,-0.08,-0.07,0.17
2025-07-01,2025,7,0.25,-0.02,-0.14,0.03
2025-08-01,2025,8,0.06,-0.25,-0.36,-0.15
2025-09-01,2025,9,-0.44,-0.5,-0.47,-0.27
2025-10-01,2025,10,-0.35,-0.41,-0.5,-0.41
2025-11-01,2025,11,-0.46,-0.63,-0.7,-0.52
2025-12-01,2025,12,-0.62,-0.8,-0.67,-0.33
2026-01-01,2026,1,-0.29,-0.64,-0.58,-0.08
2026-02-01,2026,2,0.71,-0.09,-0.27,0.2
2026-03-01,2026,3,0.89,0.21,-0.01,0.43
2026-04-01,2026,4,1.31,0.43,0.29,0.82
2026-05-01,2026,5,1.82,1.16,0.9,1.08
2026-06-01,2026,6,2.82,1.71,1.44,1.22
