date,year,month,pdo
1870-01-01,1870,1,0.366
1870-02-01,1870,2,0.774
1870-03-01,1870,3,-0.311
1870-04-01,1870,4,-0.848
1870-05-01,1870,5,-0.663
1870-06-01,1870,6,-1.273
1870-07-01,1870,7,-0.195
1870-08-01,1870,8,0.284
1870-09-01,1870,9,0.438
1870-10-01,1870,10,-0.83
1870-11-01,1870,11,-0.828
1870-12-01,1870,12,-1.017
1871-01-01,1871,1,-0.147
1871-02-01,1871,2,-1.043
1871-03-01,1871,3,-0.371
1871-04-01,1871,4,-0.382
1871-05-01,1871,5,-0.909
1871-06-01,1871,6,-1.641
1871-07-01,1871,7,-0.988
1871-08-01,1871,8,-0.581
1871-09-01,1871,9,-0.365
1871-10-01,1871,10,-0.084
1871-11-01,1871,11,-0.523
1871-12-01,1871,12,-0.21
1872-01-01,1872,1,-0.927
1872-02-01,1872,2,-0.497
1872-03-01,1872,3,-0.261
1872-04-01,1872,4,-0.629
1872-05-01,1872,5,-0.455
1872-06-01,1872,6,-0.13
1872-07-01,1872,7,-0.131
1872-08-01,1872,8,-1.162
1872-09-01,1872,9,-0.9
1872-10-01,1872,10,-0.528
1872-11-01,1872,11,-0.85
1872-12-01,1872,12,-0.984
1873-01-01,1873,1,-0.524
1873-02-01,1873,2,-1.194
1873-03-01,1873,3,-1.074
1873-04-01,1873,4,-1.177
1873-05-01,1873,5,0.101
1873-06-01,1873,6,-0.311
1873-07-01,1873,7,0.214
1873-08-01,1873,8,-1.032
1873-09-01,1873,9,-0.286
1873-10-01,1873,10,-0.838
1873-11-01,1873,11,-0.952
1873-12-01,1873,12,-0.964
1874-01-01,1874,1,-0.921
1874-02-01,1874,2,-1.168
1874-03-01,1874,3,-1.305
1874-04-01,1874,4,0.102
1874-05-01,1874,5,-0.034
1874-06-01,1874,6,-0.355
1874-07-01,1874,7,-0.288
1874-08-01,1874,8,-0.789
1874-09-01,1874,9,-1.187
1874-10-01,1874,10,-0.597
1874-11-01,1874,11,-0.641
1874-12-01,1874,12,-1.152
1875-01-01,1875,1,-0.236
1875-02-01,1875,2,-1.01
1875-03-01,1875,3,-0.843
1875-04-01,1875,4,-0.8
1875-05-01,1875,5,-1.21
1875-06-01,1875,6,-1.114
1875-07-01,1875,7,-0.594
1875-08-01,1875,8,-1.074
1875-09-01,1875,9,-0.615
1875-10-01,1875,10,-0.012
1875-11-01,1875,11,0.651
1875-12-01,1875,12,-0.271
1876-01-01,1876,1,-1.008
1876-02-01,1876,2,-0.231
1876-03-01,1876,3,-0.549
1876-04-01,1876,4,-1.402
1876-05-01,1876,5,-1.028
1876-06-01,1876,6,-1.238
1876-07-01,1876,7,-0.558
1876-08-01,1876,8,-1.617
1876-09-01,1876,9,-1.358
1876-10-01,1876,10,0.794
1876-11-01,1876,11,0.31
1876-12-01,1876,12,0.466
1877-01-01,1877,1,0.58
1877-02-01,1877,2,0.744
1877-03-01,1877,3,-0.135
1877-04-01,1877,4,0.915
1877-05-01,1877,5,-0.25
1877-06-01,1877,6,0.781
1877-07-01,1877,7,2.201
1877-08-01,1877,8,1.834
1877-09-01,1877,9,1.564
1877-10-01,1877,10,1.152
1877-11-01,1877,11,1.621
1877-12-01,1877,12,1.13
1878-01-01,1878,1,1.496
1878-02-01,1878,2,1.556
1878-03-01,1878,3,1.488
1878-04-01,1878,4,1.055
1878-05-01,1878,5,1.563
1878-06-01,1878,6,1.332
1878-07-01,1878,7,1.06
1878-08-01,1878,8,0.35
1878-09-01,1878,9,-0.339
1878-10-01,1878,10,-0.716
1878-11-01,1878,11,-0.035
1878-12-01,1878,12,1.134
1879-01-01,1879,1,0.762
1879-02-01,1879,2,0.353
1879-03-01,1879,3,0.587
1879-04-01,1879,4,0.735
1879-05-01,1879,5,-0.282
1879-06-01,1879,6,-1.206
1879-07-01,1879,7,-0.768
1879-08-01,1879,8,-0.659
1879-09-01,1879,9,0.038
1879-10-01,1879,10,-0.261
1879-11-01,1879,11,-0.461
1879-12-01,1879,12,0.13
1880-01-01,1880,1,0.32
1880-02-01,1880,2,-0.459
1880-03-01,1880,3,-1.057
1880-04-01,1880,4,-0.994
1880-05-01,1880,5,-2.276
1880-06-01,1880,6,-1.776
1880-07-01,1880,7,-1.422
1880-08-01,1880,8,-0.913
1880-09-01,1880,9,-1.215
1880-10-01,1880,10,-0.19
1880-11-01,1880,11,-0.055
1880-12-01,1880,12,-0.336
1881-01-01,1881,1,-0.052
1881-02-01,1881,2,0.01
1881-03-01,1881,3,0.223
1881-04-01,1881,4,0.845
1881-05-01,1881,5,0.888
1881-06-01,1881,6,0.772
1881-07-01,1881,7,-0.454
1881-08-01,1881,8,-0.604
1881-09-01,1881,9,-0.686
1881-10-01,1881,10,-0.295
1881-11-01,1881,11,-0.522
1881-12-01,1881,12,-1.507
1882-01-01,1882,1,-1.414
1882-02-01,1882,2,-1.839
1882-03-01,1882,3,-1.445
1882-04-01,1882,4,-1.159
1882-05-01,1882,5,-0.78
1882-06-01,1882,6,-0.163
1882-07-01,1882,7,-1.473
1882-08-01,1882,8,-0.582
1882-09-01,1882,9,-0.83
1882-10-01,1882,10,-0.997
1882-11-01,1882,11,-0.69
1882-12-01,1882,12,-0.205
1883-01-01,1883,1,-0.226
1883-02-01,1883,2,-1.291
1883-03-01,1883,3,-0.199
1883-04-01,1883,4,-0.05
1883-05-01,1883,5,0.066
1883-06-01,1883,6,-0.403
1883-07-01,1883,7,-0.681
1883-08-01,1883,8,-0.777
1883-09-01,1883,9,-0.071
1883-10-01,1883,10,-0.599
1883-11-01,1883,11,-0.51
1883-12-01,1883,12,-0.362
1884-01-01,1884,1,-0.925
1884-02-01,1884,2,-1.41
1884-03-01,1884,3,-0.635
1884-04-01,1884,4,-0.21
1884-05-01,1884,5,0.559
1884-06-01,1884,6,1.097
1884-07-01,1884,7,0.678
1884-08-01,1884,8,1.219
1884-09-01,1884,9,0.482
1884-10-01,1884,10,-0.265
1884-11-01,1884,11,1.015
1884-12-01,1884,12,0.503
1885-01-01,1885,1,0.652
1885-02-01,1885,2,0.897
1885-03-01,1885,3,1.302
1885-04-01,1885,4,1.469
1885-05-01,1885,5,1.439
1885-06-01,1885,6,0.374
1885-07-01,1885,7,0.409
1885-08-01,1885,8,1.151
1885-09-01,1885,9,0.806
1885-10-01,1885,10,1.19
1885-11-01,1885,11,1.324
1885-12-01,1885,12,0.884
1886-01-01,1886,1,0.804
1886-02-01,1886,2,0.782
1886-03-01,1886,3,0.4
1886-04-01,1886,4,0.117
1886-05-01,1886,5,0.245
1886-06-01,1886,6,-0.578
1886-07-01,1886,7,0.201
1886-08-01,1886,8,0.4
1886-09-01,1886,9,-0.37
1886-10-01,1886,10,-0.489
1886-11-01,1886,11,-0.463
1886-12-01,1886,12,-0.009
1887-01-01,1887,1,-0.124
1887-02-01,1887,2,-0.061
1887-03-01,1887,3,-0.472
1887-04-01,1887,4,-0.361
1887-05-01,1887,5,0.021
1887-06-01,1887,6,-0.049
1887-07-01,1887,7,-0.06
1887-08-01,1887,8,-1.048
1887-09-01,1887,9,-1.138
1887-10-01,1887,10,-0.495
1887-11-01,1887,11,-0.044
1887-12-01,1887,12,-0.766
1888-01-01,1888,1,-0.659
1888-02-01,1888,2,0.577
1888-03-01,1888,3,0.15
1888-04-01,1888,4,-0.049
1888-05-01,1888,5,0.724
1888-06-01,1888,6,2.038
1888-07-01,1888,7,0.887
1888-08-01,1888,8,0.283
1888-09-01,1888,9,1.3
1888-10-01,1888,10,1.879
1888-11-01,1888,11,1.022
1888-12-01,1888,12,1.011
1889-01-01,1889,1,0.972
1889-02-01,1889,2,0.869
1889-03-01,1889,3,1.013
1889-04-01,1889,4,0.987
1889-05-01,1889,5,1.266
1889-06-01,1889,6,1.301
1889-07-01,1889,7,0.903
1889-08-01,1889,8,0.036
1889-09-01,1889,9,-0.293
1889-10-01,1889,10,-0.423
1889-11-01,1889,11,-0.315
1889-12-01,1889,12,0.066
1890-01-01,1890,1,-1.412
1890-02-01,1890,2,-1.48
1890-03-01,1890,3,-1.109
1890-04-01,1890,4,-1.11
1890-05-01,1890,5,-0.441
1890-06-01,1890,6,-1.016
1890-07-01,1890,7,-1.164
1890-08-01,1890,8,-0.367
1890-09-01,1890,9,-1.28
1890-10-01,1890,10,-0.395
1890-11-01,1890,11,-0.241
1890-12-01,1890,12,0.429
1891-01-01,1891,1,0.356
1891-02-01,1891,2,-0.249
1891-03-01,1891,3,0.023
1891-04-01,1891,4,0.084
1891-05-01,1891,5,0.84
1891-06-01,1891,6,0.784
1891-07-01,1891,7,0.931
1891-08-01,1891,8,0.2
1891-09-01,1891,9,0.235
1891-10-01,1891,10,0.098
1891-11-01,1891,11,0.014
1891-12-01,1891,12,-0.058
1892-01-01,1892,1,-0.218
1892-02-01,1892,2,-0.603
1892-03-01,1892,3,-0.175
1892-04-01,1892,4,-0.197
1892-05-01,1892,5,0.066
1892-06-01,1892,6,-0.959
1892-07-01,1892,7,-0.954
1892-08-01,1892,8,-0.77
1892-09-01,1892,9,-1.197
1892-10-01,1892,10,-0.556
1892-11-01,1892,11,-0.391
1892-12-01,1892,12,-0.382
1893-01-01,1893,1,0.306
1893-02-01,1893,2,0.368
1893-03-01,1893,3,-0.399
1893-04-01,1893,4,-0.898
1893-05-01,1893,5,-0.572
1893-06-01,1893,6,-1.296
1893-07-01,1893,7,-0.861
1893-08-01,1893,8,-0.712
1893-09-01,1893,9,-0.885
1893-10-01,1893,10,-1.466
1893-11-01,1893,11,-0.869
1893-12-01,1893,12,-0.993
1894-01-01,1894,1,-0.766
1894-02-01,1894,2,-0.701
1894-03-01,1894,3,-1.182
1894-04-01,1894,4,-2.017
1894-05-01,1894,5,-1.591
1894-06-01,1894,6,-1.759
1894-07-01,1894,7,-1.583
1894-08-01,1894,8,-1.138
1894-09-01,1894,9,-1.665
1894-10-01,1894,10,-1.774
1894-11-01,1894,11,-0.309
1894-12-01,1894,12,-0.43
1895-01-01,1895,1,0.48
1895-02-01,1895,2,0.259
1895-03-01,1895,3,0.122
1895-04-01,1895,4,0.155
1895-05-01,1895,5,-0.683
1895-06-01,1895,6,-0.554
1895-07-01,1895,7,-0.212
1895-08-01,1895,8,0.123
1895-09-01,1895,9,0.163
1895-10-01,1895,10,0.315
1895-11-01,1895,11,0.515
1895-12-01,1895,12,0.093
1896-01-01,1896,1,0.583
1896-02-01,1896,2,0.802
1896-03-01,1896,3,0.467
1896-04-01,1896,4,0.27
1896-05-01,1896,5,-0.074
1896-06-01,1896,6,-0.377
1896-07-01,1896,7,0.299
1896-08-01,1896,8,0.592
1896-09-01,1896,9,1.302
1896-10-01,1896,10,1.346
1896-11-01,1896,11,0.039
1896-12-01,1896,12,1.091
1897-01-01,1897,1,1.279
1897-02-01,1897,2,0.544
1897-03-01,1897,3,0.947
1897-04-01,1897,4,1.07
1897-05-01,1897,5,1.121
1897-06-01,1897,6,1.199
1897-07-01,1897,7,0.859
1897-08-01,1897,8,1.003
1897-09-01,1897,9,0.572
1897-10-01,1897,10,1.171
1897-11-01,1897,11,0.302
1897-12-01,1897,12,-0.007
1898-01-01,1898,1,-0.795
1898-02-01,1898,2,-0.245
1898-03-01,1898,3,-0.665
1898-04-01,1898,4,0.02
1898-05-01,1898,5,-0.171
1898-06-01,1898,6,-0.474
1898-07-01,1898,7,-0.068
1898-08-01,1898,8,-0.022
1898-09-01,1898,9,0.428
1898-10-01,1898,10,-0.58
1898-11-01,1898,11,-0.563
1898-12-01,1898,12,0.346
1899-01-01,1899,1,-0.618
1899-02-01,1899,2,-0.568
1899-03-01,1899,3,-0.662
1899-04-01,1899,4,-0.529
1899-05-01,1899,5,-0.579
1899-06-01,1899,6,-1.067
1899-07-01,1899,7,-1.25
1899-08-01,1899,8,0.075
1899-09-01,1899,9,0.88
1899-10-01,1899,10,0.23
1899-11-01,1899,11,0.887
1899-12-01,1899,12,1.344
1900-01-01,1900,1,0.848
1900-02-01,1900,2,0.565
1900-03-01,1900,3,1.164
1900-04-01,1900,4,1.401
1900-05-01,1900,5,1.321
1900-06-01,1900,6,0.74
1900-07-01,1900,7,1.252
1900-08-01,1900,8,1.112
1900-09-01,1900,9,0.917
1900-10-01,1900,10,0.561
1900-11-01,1900,11,-0.195
1900-12-01,1900,12,1.489
1901-01-01,1901,1,1.063
1901-02-01,1901,2,1.005
1901-03-01,1901,3,0.929
1901-04-01,1901,4,0.084
1901-05-01,1901,5,-0.317
1901-06-01,1901,6,-0.659
1901-07-01,1901,7,-0.578
1901-08-01,1901,8,-0.714
1901-09-01,1901,9,-0.127
1901-10-01,1901,10,0.086
1901-11-01,1901,11,0.231
1901-12-01,1901,12,0.608
1902-01-01,1902,1,0.923
1902-02-01,1902,2,1.178
1902-03-01,1902,3,0.503
1902-04-01,1902,4,1.316
1902-05-01,1902,5,0.759
1902-06-01,1902,6,1.414
1902-07-01,1902,7,2.55
1902-08-01,1902,8,1.548
1902-09-01,1902,9,0.662
1902-10-01,1902,10,1.012
1902-11-01,1902,11,0.28
1902-12-01,1902,12,0.028
1903-01-01,1903,1,0.19
1903-02-01,1903,2,0.188
1903-03-01,1903,3,0.276
1903-04-01,1903,4,-0.255
1903-05-01,1903,5,0.297
1903-06-01,1903,6,0.15
1903-07-01,1903,7,1.183
1903-08-01,1903,8,0.953
1903-09-01,1903,9,0.188
1903-10-01,1903,10,-0.152
1903-11-01,1903,11,0.264
1903-12-01,1903,12,0.644
1904-01-01,1904,1,0.429
1904-02-01,1904,2,-0.553
1904-03-01,1904,3,-0.343
1904-04-01,1904,4,-0.632
1904-05-01,1904,5,-0.441
1904-06-01,1904,6,-0.118
1904-07-01,1904,7,-0.416
1904-08-01,1904,8,0.335
1904-09-01,1904,9,1.286
1904-10-01,1904,10,0.809
1904-11-01,1904,11,1.113
1904-12-01,1904,12,1.29
1905-01-01,1905,1,0.964
1905-02-01,1905,2,1.65
1905-03-01,1905,3,2.371
1905-04-01,1905,4,1.118
1905-05-01,1905,5,1.269
1905-06-01,1905,6,1.144
1905-07-01,1905,7,1.128
1905-08-01,1905,8,2.276
1905-09-01,1905,9,0.978
1905-10-01,1905,10,0.427
1905-11-01,1905,11,1.252
1905-12-01,1905,12,0.969
1906-01-01,1906,1,1.405
1906-02-01,1906,2,1.336
1906-03-01,1906,3,0.748
1906-04-01,1906,4,1.355
1906-05-01,1906,5,1.404
1906-06-01,1906,6,1.19
1906-07-01,1906,7,0.505
1906-08-01,1906,8,-0.18
1906-09-01,1906,9,-0.681
1906-10-01,1906,10,0.288
1906-11-01,1906,11,0.81
1906-12-01,1906,12,-0.012
1907-01-01,1907,1,-0.443
1907-02-01,1907,2,0.589
1907-03-01,1907,3,-0.061
1907-04-01,1907,4,-0.118
1907-05-01,1907,5,0.056
1907-06-01,1907,6,0.735
1907-07-01,1907,7,0.944
1907-08-01,1907,8,-0.042
1907-09-01,1907,9,0.194
1907-10-01,1907,10,1.105
1907-11-01,1907,11,0.65
1907-12-01,1907,12,0.68
1908-01-01,1908,1,0.845
1908-02-01,1908,2,0.392
1908-03-01,1908,3,0.728
1908-04-01,1908,4,-0.072
1908-05-01,1908,5,0.036
1908-06-01,1908,6,0.098
1908-07-01,1908,7,0.148
1908-08-01,1908,8,-0.871
1908-09-01,1908,9,-0.122
1908-10-01,1908,10,-0.096
1908-11-01,1908,11,0.387
1908-12-01,1908,12,0.735
1909-01-01,1909,1,-0.011
1909-02-01,1909,2,-0.162
1909-03-01,1909,3,0.107
1909-04-01,1909,4,-0.005
1909-05-01,1909,5,-0.364
1909-06-01,1909,6,-0.396
1909-07-01,1909,7,-0.909
1909-08-01,1909,8,-0.796
1909-09-01,1909,9,-1.276
1909-10-01,1909,10,-1.115
1909-11-01,1909,11,-1.396
1909-12-01,1909,12,-0.956
1910-01-01,1910,1,-1.661
1910-02-01,1910,2,-1.183
1910-03-01,1910,3,-0.668
1910-04-01,1910,4,-1.003
1910-05-01,1910,5,-0.976
1910-06-01,1910,6,-1.183
1910-07-01,1910,7,-0.38
1910-08-01,1910,8,-0.944
1910-09-01,1910,9,-0.954
1910-10-01,1910,10,-1.342
1910-11-01,1910,11,-0.581
1910-12-01,1910,12,0.264
1911-01-01,1911,1,-0.239
1911-02-01,1911,2,-1.15
1911-03-01,1911,3,-1.065
1911-04-01,1911,4,-1.031
1911-05-01,1911,5,-0.846
1911-06-01,1911,6,-1.333
1911-07-01,1911,7,-0.692
1911-08-01,1911,8,-0.46
1911-09-01,1911,9,-0.273
1911-10-01,1911,10,-0.426
1911-11-01,1911,11,-0.27
1911-12-01,1911,12,-0.17
1912-01-01,1912,1,-0.147
1912-02-01,1912,2,0.531
1912-03-01,1912,3,-0.334
1912-04-01,1912,4,-0.089
1912-05-01,1912,5,-0.041
1912-06-01,1912,6,0.244
1912-07-01,1912,7,0.641
1912-08-01,1912,8,-0.041
1912-09-01,1912,9,0.835
1912-10-01,1912,10,0.42
1912-11-01,1912,11,0.202
1912-12-01,1912,12,0.03
1913-01-01,1913,1,-0.639
1913-02-01,1913,2,0.31
1913-03-01,1913,3,-0.235
1913-04-01,1913,4,-0.812
1913-05-01,1913,5,-0.507
1913-06-01,1913,6,0.282
1913-07-01,1913,7,0.593
1913-08-01,1913,8,0.819
1913-09-01,1913,9,0.358
1913-10-01,1913,10,0.542
1913-11-01,1913,11,0.346
1913-12-01,1913,12,0.163
1914-01-01,1914,1,0.291
1914-02-01,1914,2,0.149
1914-03-01,1914,3,0.471
1914-04-01,1914,4,0.932
1914-05-01,1914,5,0.394
1914-06-01,1914,6,-0.663
1914-07-01,1914,7,-1.153
1914-08-01,1914,8,-0.206
1914-09-01,1914,9,-0.829
1914-10-01,1914,10,-0.965
1914-11-01,1914,11,0.025
1914-12-01,1914,12,0.072
1915-01-01,1915,1,0.364
1915-02-01,1915,2,0.046
1915-03-01,1915,3,1.04
1915-04-01,1915,4,1.368
1915-05-01,1915,5,1.918
1915-06-01,1915,6,1.607
1915-07-01,1915,7,1.31
1915-08-01,1915,8,0.493
1915-09-01,1915,9,-0.041
1915-10-01,1915,10,-0.945
1915-11-01,1915,11,-0.848
1915-12-01,1915,12,-0.549
1916-01-01,1916,1,-0.85
1916-02-01,1916,2,-0.862
1916-03-01,1916,3,-0.58
1916-04-01,1916,4,-0.173
1916-05-01,1916,5,-0.159
1916-06-01,1916,6,-1.24
1916-07-01,1916,7,-0.972
1916-08-01,1916,8,-1.411
1916-09-01,1916,9,-1.295
1916-10-01,1916,10,-1.359
1916-11-01,1916,11,-1.844
1916-12-01,1916,12,-1.755
1917-01-01,1917,1,-1.499
1917-02-01,1917,2,-1.267
1917-03-01,1917,3,-1.59
1917-04-01,1917,4,-1.163
1917-05-01,1917,5,-0.909
1917-06-01,1917,6,-0.781
1917-07-01,1917,7,-0.266
1917-08-01,1917,8,0.041
1917-09-01,1917,9,-0.6
1917-10-01,1917,10,-0.906
1917-11-01,1917,11,-0.658
1917-12-01,1917,12,-0.347
1918-01-01,1918,1,0.378
1918-02-01,1918,2,-0.455
1918-03-01,1918,3,-0.745
1918-04-01,1918,4,-0.578
1918-05-01,1918,5,-0.467
1918-06-01,1918,6,-0.177
1918-07-01,1918,7,0.505
1918-08-01,1918,8,0.494
1918-09-01,1918,9,0.388
1918-10-01,1918,10,1.318
1918-11-01,1918,11,1.043
1918-12-01,1918,12,0.598
1919-01-01,1919,1,1.033
1919-02-01,1919,2,0.467
1919-03-01,1919,3,-0.132
1919-04-01,1919,4,-0.014
1919-05-01,1919,5,-0.066
1919-06-01,1919,6,-0.458
1919-07-01,1919,7,-0.968
1919-08-01,1919,8,-0.233
1919-09-01,1919,9,0.398
1919-10-01,1919,10,0.231
1919-11-01,1919,11,-0.118
1919-12-01,1919,12,0.157
1920-01-01,1920,1,-0.069
1920-02-01,1920,2,-0.492
1920-03-01,1920,3,-0.383
1920-04-01,1920,4,-0.945
1920-05-01,1920,5,-0.437
1920-06-01,1920,6,-0.577
1920-07-01,1920,7,-0.567
1920-08-01,1920,8,-1.15
1920-09-01,1920,9,-1.213
1920-10-01,1920,10,-1.327
1920-11-01,1920,11,-0.595
1920-12-01,1920,12,-0.567
1921-01-01,1921,1,-0.666
1921-02-01,1921,2,-1.001
1921-03-01,1921,3,-0.82
1921-04-01,1921,4,-1.4
1921-05-01,1921,5,-1.536
1921-06-01,1921,6,-0.909
1921-07-01,1921,7,-1.401
1921-08-01,1921,8,-1.132
1921-09-01,1921,9,-0.962
1921-10-01,1921,10,-0.871
1921-11-01,1921,11,-0.122
1921-12-01,1921,12,0.331
1922-01-01,1922,1,-0.208
1922-02-01,1922,2,-1.19
1922-03-01,1922,3,-1.071
1922-04-01,1922,4,-1.266
1922-05-01,1922,5,-1.431
1922-06-01,1922,6,-0.905
1922-07-01,1922,7,-0.291
1922-08-01,1922,8,-0.442
1922-09-01,1922,9,-0.442
1922-10-01,1922,10,0.249
1922-11-01,1922,11,-0.526
1922-12-01,1922,12,-0.016
1923-01-01,1923,1,0.127
1923-02-01,1923,2,-0.318
1923-03-01,1923,3,-0.485
1923-04-01,1923,4,-0.142
1923-05-01,1923,5,0.088
1923-06-01,1923,6,-0.533
1923-07-01,1923,7,0.635
1923-08-01,1923,8,-0.003
1923-09-01,1923,9,-0.115
1923-10-01,1923,10,0.718
1923-11-01,1923,11,0.607
1923-12-01,1923,12,0.128
1924-01-01,1924,1,-0.149
1924-02-01,1924,2,0.058
1924-03-01,1924,3,0.092
1924-04-01,1924,4,-0.347
1924-05-01,1924,5,-0.092
1924-06-01,1924,6,0.166
1924-07-01,1924,7,-0.64
1924-08-01,1924,8,-0.885
1924-09-01,1924,9,-1.064
1924-10-01,1924,10,-1.566
1924-11-01,1924,11,-0.975
1924-12-01,1924,12,-0.167
1925-01-01,1925,1,-0.739
1925-02-01,1925,2,-0.227
1925-03-01,1925,3,-0.254
1925-04-01,1925,4,-0.299
1925-05-01,1925,5,-0.276
1925-06-01,1925,6,-0.824
1925-07-01,1925,7,-0.083
1925-08-01,1925,8,-0.495
1925-09-01,1925,9,0.154
1925-10-01,1925,10,0.721
1925-11-01,1925,11,1.043
1925-12-01,1925,12,1.208
1926-01-01,1926,1,1.559
1926-02-01,1926,2,1.509
1926-03-01,1926,3,1.48
1926-04-01,1926,4,1.942
1926-05-01,1926,5,2.153
1926-06-01,1926,6,1.733
1926-07-01,1926,7,1.804
1926-08-01,1926,8,1.178
1926-09-01,1926,9,0.989
1926-10-01,1926,10,1.152
1926-11-01,1926,11,2.077
1926-12-01,1926,12,1.717
1927-01-01,1927,1,1.148
1927-02-01,1927,2,1.73
1927-03-01,1927,3,1.073
1927-04-01,1927,4,0.344
1927-05-01,1927,5,-0.13
1927-06-01,1927,6,0.497
1927-07-01,1927,7,-0.508
1927-08-01,1927,8,-0.718
1927-09-01,1927,9,-0.255
1927-10-01,1927,10,-0.585
1927-11-01,1927,11,-0.203
1927-12-01,1927,12,-0.363
1928-01-01,1928,1,0.58
1928-02-01,1928,2,0.745
1928-03-01,1928,3,0.809
1928-04-01,1928,4,0.539
1928-05-01,1928,5,0.612
1928-06-01,1928,6,0.954
1928-07-01,1928,7,-0.123
1928-08-01,1928,8,-0.414
1928-09-01,1928,9,-1.218
1928-10-01,1928,10,-0.796
1928-11-01,1928,11,0.05
1928-12-01,1928,12,0.292
1929-01-01,1929,1,0.42
1929-02-01,1929,2,-0.029
1929-03-01,1929,3,0.001
1929-04-01,1929,4,0.102
1929-05-01,1929,5,0.434
1929-06-01,1929,6,0.116
1929-07-01,1929,7,0.21
1929-08-01,1929,8,-0.198
1929-09-01,1929,9,1.046
1929-10-01,1929,10,0.716
1929-11-01,1929,11,0.69
1929-12-01,1929,12,1.395
1930-01-01,1930,1,0.832
1930-02-01,1930,2,0.764
1930-03-01,1930,3,0.408
1930-04-01,1930,4,0.31
1930-05-01,1930,5,-0.125
1930-06-01,1930,6,-0.009
1930-07-01,1930,7,-0.182
1930-08-01,1930,8,0.465
1930-09-01,1930,9,0.815
1930-10-01,1930,10,0.49
1930-11-01,1930,11,0.49
1930-12-01,1930,12,0.706
1931-01-01,1931,1,1.215
1931-02-01,1931,2,1.308
1931-03-01,1931,3,1.397
1931-04-01,1931,4,1.803
1931-05-01,1931,5,2.202
1931-06-01,1931,6,2.032
1931-07-01,1931,7,2.131
1931-08-01,1931,8,1.206
1931-09-01,1931,9,0.982
1931-10-01,1931,10,0.431
1931-11-01,1931,11,0.138
1931-12-01,1931,12,-0.293
1932-01-01,1932,1,-0.838
1932-02-01,1932,2,-0.839
1932-03-01,1932,3,-0.05
1932-04-01,1932,4,0.661
1932-05-01,1932,5,-0.093
1932-06-01,1932,6,-0.185
1932-07-01,1932,7,-0.377
1932-08-01,1932,8,-0.095
1932-09-01,1932,9,-0.574
1932-10-01,1932,10,0.013
1932-11-01,1932,11,-0.091
1932-12-01,1932,12,0.081
1933-01-01,1933,1,-0.618
1933-02-01,1933,2,-0.919
1933-03-01,1933,3,-0.852
1933-04-01,1933,4,-0.856
1933-05-01,1933,5,-1.352
1933-06-01,1933,6,-1.788
1933-07-01,1933,7,-2.569
1933-08-01,1933,8,-1.918
1933-09-01,1933,9,-2.119
1933-10-01,1933,10,-1.279
1933-11-01,1933,11,-0.205
1933-12-01,1933,12,-0.469
1934-01-01,1934,1,-0.432
1934-02-01,1934,2,0.109
1934-03-01,1934,3,0.762
1934-04-01,1934,4,1.375
1934-05-01,1934,5,1.01
1934-06-01,1934,6,0.09
1934-07-01,1934,7,0.002
1934-08-01,1934,8,1.095
1934-09-01,1934,9,0.923
1934-10-01,1934,10,1.535
1934-11-01,1934,11,1.526
1934-12-01,1934,12,1.362
1935-01-01,1935,1,0.724
1935-02-01,1935,2,0.498
1935-03-01,1935,3,-0.093
1935-04-01,1935,4,0.415
1935-05-01,1935,5,0.723
1935-06-01,1935,6,1.015
1935-07-01,1935,7,0.345
1935-08-01,1935,8,0.412
1935-09-01,1935,9,0.423
1935-10-01,1935,10,0.675
1935-11-01,1935,11,0.42
1935-12-01,1935,12,1.335
1936-01-01,1936,1,1.734
1936-02-01,1936,2,1.549
1936-03-01,1936,3,1.149
1936-04-01,1936,4,1.172
1936-05-01,1936,5,1.521
1936-06-01,1936,6,1.844
1936-07-01,1936,7,2.117
1936-08-01,1936,8,1.664
1936-09-01,1936,9,0.584
1936-10-01,1936,10,1.945
1936-11-01,1936,11,2.274
1936-12-01,1936,12,1.403
1937-01-01,1937,1,0.078
1937-02-01,1937,2,-0.285
1937-03-01,1937,3,-0.219
1937-04-01,1937,4,-0.563
1937-05-01,1937,5,-0.258
1937-06-01,1937,6,1.024
1937-07-01,1937,7,0.085
1937-08-01,1937,8,-0.482
1937-09-01,1937,9,0.112
1937-10-01,1937,10,0.531
1937-11-01,1937,11,0.768
1937-12-01,1937,12,1.244
1938-01-01,1938,1,1.269
1938-02-01,1938,2,0.393
1938-03-01,1938,3,-0.093
1938-04-01,1938,4,0.017
1938-05-01,1938,5,-0.421
1938-06-01,1938,6,-0.436
1938-07-01,1938,7,-0.285
1938-08-01,1938,8,-0.337
1938-09-01,1938,9,-0.042
1938-10-01,1938,10,0.558
1938-11-01,1938,11,0.202
1938-12-01,1938,12,0.643
1939-01-01,1939,1,0.676
1939-02-01,1939,2,-0.292
1939-03-01,1939,3,-0.519
1939-04-01,1939,4,0.093
1939-05-01,1939,5,0.289
1939-06-01,1939,6,0.298
1939-07-01,1939,7,-0.192
1939-08-01,1939,8,-0.417
1939-09-01,1939,9,-0.567
1939-10-01,1939,10,-0.73
1939-11-01,1939,11,-0.099
1939-12-01,1939,12,1.772
1940-01-01,1940,1,1.934
1940-02-01,1940,2,1.922
1940-03-01,1940,3,2.077
1940-04-01,1940,4,2.316
1940-05-01,1940,5,2.324
1940-06-01,1940,6,2.579
1940-07-01,1940,7,2.136
1940-08-01,1940,8,1.764
1940-09-01,1940,9,1.657
1940-10-01,1940,10,1.582
1940-11-01,1940,11,1.824
1940-12-01,1940,12,2.346
1941-01-01,1941,1,2.707
1941-02-01,1941,2,2.845
1941-03-01,1941,3,2.457
1941-04-01,1941,4,2.386
1941-05-01,1941,5,2.305
1941-06-01,1941,6,2.717
1941-07-01,1941,7,2.857
1941-08-01,1941,8,3.313
1941-09-01,1941,9,2.352
1941-10-01,1941,10,1.666
1941-11-01,1941,11,2.104
1941-12-01,1941,12,2.329
1942-01-01,1942,1,2.302
1942-02-01,1942,2,1.38
1942-03-01,1942,3,1.069
1942-04-01,1942,4,1.263
1942-05-01,1942,5,0.722
1942-06-01,1942,6,0.747
1942-07-01,1942,7,0.506
1942-08-01,1942,8,0.456
1942-09-01,1942,9,0.448
1942-10-01,1942,10,0.378
1942-11-01,1942,11,0.161
1942-12-01,1942,12,-0.117
1943-01-01,1943,1,0.327
1943-02-01,1943,2,0.469
1943-03-01,1943,3,0.63
1943-04-01,1943,4,0.471
1943-05-01,1943,5,0.47
1943-06-01,1943,6,-0.432
1943-07-01,1943,7,-0.56
1943-08-01,1943,8,-1.123
1943-09-01,1943,9,-0.91
1943-10-01,1943,10,-0.196
1943-11-01,1943,11,0.284
1943-12-01,1943,12,0.793
1944-01-01,1944,1,0.545
1944-02-01,1944,2,0.099
1944-03-01,1944,3,-0.048
1944-04-01,1944,4,-0.34
1944-05-01,1944,5,-0.764
1944-06-01,1944,6,-1.235
1944-07-01,1944,7,-0.701
1944-08-01,1944,8,-0.344
1944-09-01,1944,9,-0.621
1944-10-01,1944,10,-0.948
1944-11-01,1944,11,-0.366
1944-12-01,1944,12,-0.645
1945-01-01,1945,1,-0.341
1945-02-01,1945,2,0.3
1945-03-01,1945,3,-0.603
1945-04-01,1945,4,-0.02
1945-05-01,1945,5,-0.035
1945-06-01,1945,6,0.548
1945-07-01,1945,7,0.558
1945-08-01,1945,8,-0.01
1945-09-01,1945,9,-0.404
1945-10-01,1945,10,-0.175
1945-11-01,1945,11,-1.224
1945-12-01,1945,12,-1.561
1946-01-01,1946,1,-0.182
1946-02-01,1946,2,0.149
1946-03-01,1946,3,-0.242
1946-04-01,1946,4,-0.295
1946-05-01,1946,5,-1.089
1946-06-01,1946,6,-0.103
1946-07-01,1946,7,0.077
1946-08-01,1946,8,0.383
1946-09-01,1946,9,0.325
1946-10-01,1946,10,-0.334
1946-11-01,1946,11,-1.163
1946-12-01,1946,12,-0.982
1947-01-01,1947,1,-0.387
1947-02-01,1947,2,-0.179
1947-03-01,1947,3,1.094
1947-04-01,1947,4,0.701
1947-05-01,1947,5,0.134
1947-06-01,1947,6,1.648
1947-07-01,1947,7,0.968
1947-08-01,1947,8,0.647
1947-09-01,1947,9,0.796
1947-10-01,1947,10,0.883
1947-11-01,1947,11,0.275
1947-12-01,1947,12,0.32
1948-01-01,1948,1,0.227
1948-02-01,1948,2,-0.838
1948-03-01,1948,3,-0.608
1948-04-01,1948,4,-1.048
1948-05-01,1948,5,-0.692
1948-06-01,1948,6,-0.422
1948-07-01,1948,7,0.236
1948-08-01,1948,8,-1.154
1948-09-01,1948,9,-1.005
1948-10-01,1948,10,-0.939
1948-11-01,1948,11,-0.702
1948-12-01,1948,12,-0.852
1949-01-01,1949,1,-2.886
1949-02-01,1949,2,-3.233
1949-03-01,1949,3,-2.014
1949-04-01,1949,4,-1.571
1949-05-01,1949,5,-1.189
1949-06-01,1949,6,-0.853
1949-07-01,1949,7,-0.979
1949-08-01,1949,8,-1.232
1949-09-01,1949,9,-1.101
1949-10-01,1949,10,-1.667
1949-11-01,1949,11,-1.059
1949-12-01,1949,12,-1.082
1950-01-01,1950,1,-1.741
1950-02-01,1950,2,-2.212
1950-03-01,1950,3,-1.813
1950-04-01,1950,4,-1.674
1950-05-01,1950,5,-2.66
1950-06-01,1950,6,-1.953
1950-07-01,1950,7,-2.809
1950-08-01,1950,8,-1.93
1950-09-01,1950,9,-1.672
1950-10-01,1950,10,-1.458
1950-11-01,1950,11,-1.653
1950-12-01,1950,12,-0.963
1951-01-01,1951,1,-1.159
1951-02-01,1951,2,-1.512
1951-03-01,1951,3,-1.595
1951-04-01,1951,4,-1.087
1951-05-01,1951,5,-0.846
1951-06-01,1951,6,-0.943
1951-07-01,1951,7,0.3
1951-08-01,1951,8,-0.81
1951-09-01,1951,9,-0.003
1951-10-01,1951,10,0.223
1951-11-01,1951,11,-0.204
1951-12-01,1951,12,-1.392
1952-01-01,1952,1,-2.114
1952-02-01,1952,2,-1.071
1952-03-01,1952,3,-1.333
1952-04-01,1952,4,-1.563
1952-05-01,1952,5,-1.286
1952-06-01,1952,6,-1.792
1952-07-01,1952,7,-1.443
1952-08-01,1952,8,-0.736
1952-09-01,1952,9,-0.662
1952-10-01,1952,10,-0.17
1952-11-01,1952,11,-0.156
1952-12-01,1952,12,-0.721
1953-01-01,1953,1,-0.234
1953-02-01,1953,2,-0.339
1953-03-01,1953,3,-1.114
1953-04-01,1953,4,-0.748
1953-05-01,1953,5,-0.159
1953-06-01,1953,6,-0.257
1953-07-01,1953,7,0.091
1953-08-01,1953,8,-0.401
1953-09-01,1953,9,-0.531
1953-10-01,1953,10,-0.836
1953-11-01,1953,11,-0.29
1953-12-01,1953,12,-0.104
1954-01-01,1954,1,-0.855
1954-02-01,1954,2,-0.746
1954-03-01,1954,3,-0.747
1954-04-01,1954,4,-0.852
1954-05-01,1954,5,-0.221
1954-06-01,1954,6,0.391
1954-07-01,1954,7,0.106
1954-08-01,1954,8,0.035
1954-09-01,1954,9,-0.653
1954-10-01,1954,10,0.062
1954-11-01,1954,11,0.712
1954-12-01,1954,12,0.135
1955-01-01,1955,1,-0.417
1955-02-01,1955,2,-1.123
1955-03-01,1955,3,-1.315
1955-04-01,1955,4,-2.03
1955-05-01,1955,5,-1.824
1955-06-01,1955,6,-2.434
1955-07-01,1955,7,-2.425
1955-08-01,1955,8,-2.135
1955-09-01,1955,9,-1.992
1955-10-01,1955,10,-2.967
1955-11-01,1955,11,-2.301
1955-12-01,1955,12,-2.201
1956-01-01,1956,1,-1.94
1956-02-01,1956,2,-2.051
1956-03-01,1956,3,-2.553
1956-04-01,1956,4,-2.31
1956-05-01,1956,5,-1.607
1956-06-01,1956,6,-2.18
1956-07-01,1956,7,-1.38
1956-08-01,1956,8,-0.712
1956-09-01,1956,9,-0.377
1956-10-01,1956,10,-1.454
1956-11-01,1956,11,-1.753
1956-12-01,1956,12,-0.967
1957-01-01,1957,1,-1.196
1957-02-01,1957,2,-1.293
1957-03-01,1957,3,-0.648
1957-04-01,1957,4,-0.399
1957-05-01,1957,5,0.295
1957-06-01,1957,6,1.308
1957-07-01,1957,7,0.671
1957-08-01,1957,8,0.476
1957-09-01,1957,9,1.851
1957-10-01,1957,10,1.838
1957-11-01,1957,11,1.597
1957-12-01,1957,12,0.606
1958-01-01,1958,1,0.72
1958-02-01,1958,2,1.098
1958-03-01,1958,3,0.733
1958-04-01,1958,4,0.746
1958-05-01,1958,5,1.359
1958-06-01,1958,6,1.566
1958-07-01,1958,7,0.644
1958-08-01,1958,8,1.387
1958-09-01,1958,9,1.048
1958-10-01,1958,10,0.543
1958-11-01,1958,11,0.568
1958-12-01,1958,12,1.248
1959-01-01,1959,1,1.147
1959-02-01,1959,2,0.592
1959-03-01,1959,3,-0.058
1959-04-01,1959,4,0.142
1959-05-01,1959,5,0.147
1959-06-01,1959,6,0.438
1959-07-01,1959,7,-0.022
1959-08-01,1959,8,-0.169
1959-09-01,1959,9,-0.124
1959-10-01,1959,10,1.016
1959-11-01,1959,11,1.369
1959-12-01,1959,12,0.949
1960-01-01,1960,1,0.309
1960-02-01,1960,2,0.68
1960-03-01,1960,3,0.476
1960-04-01,1960,4,0.471
1960-05-01,1960,5,0.636
1960-06-01,1960,6,0.747
1960-07-01,1960,7,-0.216
1960-08-01,1960,8,-0.008
1960-09-01,1960,9,-0.551
1960-10-01,1960,10,0.01
1960-11-01,1960,11,0.009
1960-12-01,1960,12,0.118
1961-01-01,1961,1,0.853
1961-02-01,1961,2,0.963
1961-03-01,1961,3,0.693
1961-04-01,1961,4,0.548
1961-05-01,1961,5,-0.209
1961-06-01,1961,6,-0.383
1961-07-01,1961,7,-0.82
1961-08-01,1961,8,-0.44
1961-09-01,1961,9,-0.852
1961-10-01,1961,10,-1.358
1961-11-01,1961,11,-1.021
1961-12-01,1961,12,-1.491
1962-01-01,1962,1,-0.942
1962-02-01,1962,2,-0.839
1962-03-01,1962,3,-0.94
1962-04-01,1962,4,-0.756
1962-05-01,1962,5,-0.972
1962-06-01,1962,6,-1.688
1962-07-01,1962,7,-1.479
1962-08-01,1962,8,-0.597
1962-09-01,1962,9,-1.218
1962-10-01,1962,10,-1.287
1962-11-01,1962,11,-0.307
1962-12-01,1962,12,-0.257
1963-01-01,1963,1,0.033
1963-02-01,1963,2,0.413
1963-03-01,1963,3,-0.052
1963-04-01,1963,4,-0.15
1963-05-01,1963,5,-0.949
1963-06-01,1963,6,-0.857
1963-07-01,1963,7,-0.919
1963-08-01,1963,8,-0.659
1963-09-01,1963,9,0.888
1963-10-01,1963,10,0.244
1963-11-01,1963,11,-0.452
1963-12-01,1963,12,0.247
1964-01-01,1964,1,0.154
1964-02-01,1964,2,-0.059
1964-03-01,1964,3,-0.784
1964-04-01,1964,4,-1.244
1964-05-01,1964,5,-2.004
1964-06-01,1964,6,-0.778
1964-07-01,1964,7,-1.034
1964-08-01,1964,8,-1.299
1964-09-01,1964,9,-1.082
1964-10-01,1964,10,-0.576
1964-11-01,1964,11,-0.815
1964-12-01,1964,12,-0.849
1965-01-01,1965,1,-0.773
1965-02-01,1965,2,-0.433
1965-03-01,1965,3,-0.134
1965-04-01,1965,4,0.047
1965-05-01,1965,5,-0.29
1965-06-01,1965,6,-0.551
1965-07-01,1965,7,-0.438
1965-08-01,1965,8,0.724
1965-09-01,1965,9,1.151
1965-10-01,1965,10,0.693
1965-11-01,1965,11,0.65
1965-12-01,1965,12,0.084
1966-01-01,1966,1,-0.673
1966-02-01,1966,2,-0.377
1966-03-01,1966,3,-0.783
1966-04-01,1966,4,-0.136
1966-05-01,1966,5,-0.311
1966-06-01,1966,6,0.013
1966-07-01,1966,7,0.181
1966-08-01,1966,8,0.109
1966-09-01,1966,9,0.142
1966-10-01,1966,10,-0.2
1966-11-01,1966,11,-0.409
1966-12-01,1966,12,-0.197
1967-01-01,1967,1,-0.317
1967-02-01,1967,2,-0.398
1967-03-01,1967,3,-0.617
1967-04-01,1967,4,-0.963
1967-05-01,1967,5,-1.285
1967-06-01,1967,6,-1.133
1967-07-01,1967,7,-0.79
1967-08-01,1967,8,-0.96
1967-09-01,1967,9,-0.22
1967-10-01,1967,10,-0.082
1967-11-01,1967,11,0.065
1967-12-01,1967,12,-0.767
1968-01-01,1968,1,-0.682
1968-02-01,1968,2,-0.212
1968-03-01,1968,3,0.21
1968-04-01,1968,4,-0.45
1968-05-01,1968,5,-0.32
1968-06-01,1968,6,0.266
1968-07-01,1968,7,0.702
1968-08-01,1968,8,0.243
1968-09-01,1968,9,0.422
1968-10-01,1968,10,0.194
1968-11-01,1968,11,0.222
1968-12-01,1968,12,-0.044
1969-01-01,1969,1,-0.456
1969-02-01,1969,2,-0.953
1969-03-01,1969,3,-0.958
1969-04-01,1969,4,-0.779
1969-05-01,1969,5,-0.692
1969-06-01,1969,6,1.05
1969-07-01,1969,7,0.126
1969-08-01,1969,8,-0.405
1969-09-01,1969,9,-0.586
1969-10-01,1969,10,1.065
1969-11-01,1969,11,0.66
1969-12-01,1969,12,1.039
1970-01-01,1970,1,1.053
1970-02-01,1970,2,1.064
1970-03-01,1970,3,1.222
1970-04-01,1970,4,0.314
1970-05-01,1970,5,-0.561
1970-06-01,1970,6,-0.112
1970-07-01,1970,7,-0.625
1970-08-01,1970,8,-1.265
1970-09-01,1970,9,-1.11
1970-10-01,1970,10,-0.854
1970-11-01,1970,11,-0.574
1970-12-01,1970,12,-0.998
1971-01-01,1971,1,-1.277
1971-02-01,1971,2,-1.282
1971-03-01,1971,3,-1.259
1971-04-01,1971,4,-1.393
1971-05-01,1971,5,-1.422
1971-06-01,1971,6,-1.81
1971-07-01,1971,7,-2.014
1971-08-01,1971,8,-0.164
1971-09-01,1971,9,0.089
1971-10-01,1971,10,-0.31
1971-11-01,1971,11,-1.233
1971-12-01,1971,12,-1.803
1972-01-01,1972,1,-1.906
1972-02-01,1972,2,-1.802
1972-03-01,1972,3,-1.264
1972-04-01,1972,4,-1.311
1972-05-01,1972,5,-1.689
1972-06-01,1972,6,-1.463
1972-07-01,1972,7,-0.863
1972-08-01,1972,8,0.284
1972-09-01,1972,9,0.179
1972-10-01,1972,10,0.076
1972-11-01,1972,11,0.001
1972-12-01,1972,12,-0.284
1973-01-01,1973,1,-0.31
1973-02-01,1973,2,-0.562
1973-03-01,1973,3,-0.69
1973-04-01,1973,4,-0.874
1973-05-01,1973,5,-0.99
1973-06-01,1973,6,-0.982
1973-07-01,1973,7,-0.616
1973-08-01,1973,8,-0.67
1973-09-01,1973,9,-0.365
1973-10-01,1973,10,-0.711
1973-11-01,1973,11,-0.996
1973-12-01,1973,12,-0.87
1974-01-01,1974,1,-0.704
1974-02-01,1974,2,-1.097
1974-03-01,1974,3,-0.978
1974-04-01,1974,4,-0.456
1974-05-01,1974,5,-0.492
1974-06-01,1974,6,-0.484
1974-07-01,1974,7,0.111
1974-08-01,1974,8,0.269
1974-09-01,1974,9,0.912
1974-10-01,1974,10,0.349
1974-11-01,1974,11,0.467
1974-12-01,1974,12,0.088
1975-01-01,1975,1,-0.56
1975-02-01,1975,2,-0.791
1975-03-01,1975,3,-0.936
1975-04-01,1975,4,-1.409
1975-05-01,1975,5,-1.681
1975-06-01,1975,6,-1.249
1975-07-01,1975,7,-0.533
1975-08-01,1975,8,-0.813
1975-09-01,1975,9,-0.768
1975-10-01,1975,10,-1.087
1975-11-01,1975,11,-1.374
1975-12-01,1975,12,-1.333
1976-01-01,1976,1,-0.897
1976-02-01,1976,2,-0.748
1976-03-01,1976,3,-1.055
1976-04-01,1976,4,-1.075
1976-05-01,1976,5,-0.835
1976-06-01,1976,6,-0.996
1976-07-01,1976,7,0.542
1976-08-01,1976,8,1.112
1976-09-01,1976,9,0.798
1976-10-01,1976,10,1.252
1976-11-01,1976,11,1.361
1976-12-01,1976,12,1.115
1977-01-01,1977,1,1.181
1977-02-01,1977,2,1.44
1977-03-01,1977,3,0.754
1977-04-01,1977,4,0.192
1977-05-01,1977,5,-0.038
1977-06-01,1977,6,0.382
1977-07-01,1977,7,0.179
1977-08-01,1977,8,0.567
1977-09-01,1977,9,0.016
1977-10-01,1977,10,-0.194
1977-11-01,1977,11,0.14
1977-12-01,1977,12,0.179
1978-01-01,1978,1,0.861
1978-02-01,1978,2,1.009
1978-03-01,1978,3,1.39
1978-04-01,1978,4,1.202
1978-05-01,1978,5,1.159
1978-06-01,1978,6,0.599
1978-07-01,1978,7,-0.736
1978-08-01,1978,8,-0.209
1978-09-01,1978,9,-0.273
1978-10-01,1978,10,0.296
1978-11-01,1978,11,0.245
1978-12-01,1978,12,-0.354
1979-01-01,1979,1,-0.158
1979-02-01,1979,2,-0.849
1979-03-01,1979,3,-0.29
1979-04-01,1979,4,0.132
1979-05-01,1979,5,0.864
1979-06-01,1979,6,0.413
1979-07-01,1979,7,0.53
1979-08-01,1979,8,0.657
1979-09-01,1979,9,1.375
1979-10-01,1979,10,1.475
1979-11-01,1979,11,0.876
1979-12-01,1979,12,0.557
1980-01-01,1980,1,0.503
1980-02-01,1980,2,1.083
1980-03-01,1980,3,0.982
1980-04-01,1980,4,1.127
1980-05-01,1980,5,1.128
1980-06-01,1980,6,-0.161
1980-07-01,1980,7,0.145
1980-08-01,1980,8,0.356
1980-09-01,1980,9,0.307
1980-10-01,1980,10,1.302
1980-11-01,1980,11,1.053
1980-12-01,1980,12,0.756
1981-01-01,1981,1,1.392
1981-02-01,1981,2,1.526
1981-03-01,1981,3,1.477
1981-04-01,1981,4,1.356
1981-05-01,1981,5,1.536
1981-06-01,1981,6,1.915
1981-07-01,1981,7,1.11
1981-08-01,1981,8,0.72
1981-09-01,1981,9,0.927
1981-10-01,1981,10,0.187
1981-11-01,1981,11,0.61
1981-12-01,1981,12,0.666
1982-01-01,1982,1,0.218
1982-02-01,1982,2,0.156
1982-03-01,1982,3,0.101
1982-04-01,1982,4,-0.153
1982-05-01,1982,5,-0.574
1982-06-01,1982,6,-0.399
1982-07-01,1982,7,0.783
1982-08-01,1982,8,0.638
1982-09-01,1982,9,1.162
1982-10-01,1982,10,0.568
1982-11-01,1982,11,-0.122
1982-12-01,1982,12,0.268
1983-01-01,1983,1,0.511
1983-02-01,1983,2,1.161
1983-03-01,1983,3,1.867
1983-04-01,1983,4,1.667
1983-05-01,1983,5,1.398
1983-06-01,1983,6,1.825
1983-07-01,1983,7,2.491
1983-08-01,1983,8,1.572
1983-09-01,1983,9,0.775
1983-10-01,1983,10,0.879
1983-11-01,1983,11,1.127
1983-12-01,1983,12,1.416
1984-01-01,1984,1,1.317
1984-02-01,1984,2,1.146
1984-03-01,1984,3,1.48
1984-04-01,1984,4,1.092
1984-05-01,1984,5,0.977
1984-06-01,1984,6,0.134
1984-07-01,1984,7,0.161
1984-08-01,1984,8,0.596
1984-09-01,1984,9,0.649
1984-10-01,1984,10,0.687
1984-11-01,1984,11,0.529
1984-12-01,1984,12,0.459
1985-01-01,1985,1,0.917
1985-02-01,1985,2,0.634
1985-03-01,1985,3,0.013
1985-04-01,1985,4,-0.07
1985-05-01,1985,5,-0.241
1985-06-01,1985,6,0.352
1985-07-01,1985,7,0.999
1985-08-01,1985,8,0.908
1985-09-01,1985,9,0.689
1985-10-01,1985,10,0.458
1985-11-01,1985,11,-0.346
1985-12-01,1985,12,0.399
1986-01-01,1986,1,1.038
1986-02-01,1986,2,1.749
1986-03-01,1986,3,2.051
1986-04-01,1986,4,1.451
1986-05-01,1986,5,1.055
1986-06-01,1986,6,1.048
1986-07-01,1986,7,1.442
1986-08-01,1986,8,0.807
1986-09-01,1986,9,0.837
1986-10-01,1986,10,1.39
1986-11-01,1986,11,1.752
1986-12-01,1986,12,1.589
1987-01-01,1987,1,1.592
1987-02-01,1987,2,1.728
1987-03-01,1987,3,1.568
1987-04-01,1987,4,1.711
1987-05-01,1987,5,1.553
1987-06-01,1987,6,0.809
1987-07-01,1987,7,1.775
1987-08-01,1987,8,2.137
1987-09-01,1987,9,1.937
1987-10-01,1987,10,1.225
1987-11-01,1987,11,1.141
1987-12-01,1987,12,0.838
1988-01-01,1988,1,0.348
1988-02-01,1988,2,0.481
1988-03-01,1988,3,0.543
1988-04-01,1988,4,0.471
1988-05-01,1988,5,0.545
1988-06-01,1988,6,0.211
1988-07-01,1988,7,0.223
1988-08-01,1988,8,-0.152
1988-09-01,1988,9,-0.341
1988-10-01,1988,10,-0.016
1988-11-01,1988,11,-0.046
1988-12-01,1988,12,-0.299
1989-01-01,1989,1,-1.171
1989-02-01,1989,2,-1.243
1989-03-01,1989,3,-0.972
1989-04-01,1989,4,-0.177
1989-05-01,1989,5,0.043
1989-06-01,1989,6,0.056
1989-07-01,1989,7,0.397
1989-08-01,1989,8,-0.019
1989-09-01,1989,9,-0.198
1989-10-01,1989,10,-0.256
1989-11-01,1989,11,-0.571
1989-12-01,1989,12,-0.187
1990-01-01,1990,1,-0.383
1990-02-01,1990,2,-0.879
1990-03-01,1990,3,-0.772
1990-04-01,1990,4,0.027
1990-05-01,1990,5,-0.039
1990-06-01,1990,6,-0.166
1990-07-01,1990,7,-0.054
1990-08-01,1990,8,0.046
1990-09-01,1990,9,0.202
1990-10-01,1990,10,-0.705
1990-11-01,1990,11,-1.35
1990-12-01,1990,12,-1.759
1991-01-01,1991,1,-1.47
1991-02-01,1991,2,-0.665
1991-03-01,1991,3,-0.745
1991-04-01,1991,4,-1.236
1991-05-01,1991,5,-1.127
1991-06-01,1991,6,-1.858
1991-07-01,1991,7,-0.974
1991-08-01,1991,8,-0.228
1991-09-01,1991,9,0.39
1991-10-01,1991,10,0.554
1991-11-01,1991,11,0.586
1991-12-01,1991,12,-0.119
1992-01-01,1992,1,0.08
1992-02-01,1992,2,0.394
1992-03-01,1992,3,0.299
1992-04-01,1992,4,0.785
1992-05-01,1992,5,1.641
1992-06-01,1992,6,1.583
1992-07-01,1992,7,1.89
1992-08-01,1992,8,1.366
1992-09-01,1992,9,1.007
1992-10-01,1992,10,1.356
1992-11-01,1992,11,1.324
1992-12-01,1992,12,0.48
1993-01-01,1993,1,-0.095
1993-02-01,1993,2,0.322
1993-03-01,1993,3,0.636
1993-04-01,1993,4,1.172
1993-05-01,1993,5,1.757
1993-06-01,1993,6,2.042
1993-07-01,1993,7,1.559
1993-08-01,1993,8,2.042
1993-09-01,1993,9,1.419
1993-10-01,1993,10,1.43
1993-11-01,1993,11,1.01
1993-12-01,1993,12,0.587
1994-01-01,1994,1,0.899
1994-02-01,1994,2,0.477
1994-03-01,1994,3,0.488
1994-04-01,1994,4,0.78
1994-05-01,1994,5,0.677
1994-06-01,1994,6,0.151
1994-07-01,1994,7,-0.275
1994-08-01,1994,8,-0.565
1994-09-01,1994,9,-0.785
1994-10-01,1994,10,-0.748
1994-11-01,1994,11,-1.754
1994-12-01,1994,12,-2.109
1995-01-01,1995,1,-0.749
1995-02-01,1995,2,0.094
1995-03-01,1995,3,0.593
1995-04-01,1995,4,0.702
1995-05-01,1995,5,1.177
1995-06-01,1995,6,1.089
1995-07-01,1995,7,1.437
1995-08-01,1995,8,0.331
1995-09-01,1995,9,1.461
1995-10-01,1995,10,0.562
1995-11-01,1995,11,0.093
1995-12-01,1995,12,0.339
1996-01-01,1996,1,0.713
1996-02-01,1996,2,0.822
1996-03-01,1996,3,0.911
1996-04-01,1996,4,1.301
1996-05-01,1996,5,1.96
1996-06-01,1996,6,1.135
1996-07-01,1996,7,0.493
1996-08-01,1996,8,0.133
1996-09-01,1996,9,0.501
1996-10-01,1996,10,0.469
1996-11-01,1996,11,0.509
1996-12-01,1996,12,0.089
1997-01-01,1997,1,0.582
1997-02-01,1997,2,0.559
1997-03-01,1997,3,0.614
1997-04-01,1997,4,0.78
1997-05-01,1997,5,1.632
1997-06-01,1997,6,2.207
1997-07-01,1997,7,1.351
1997-08-01,1997,8,2.057
1997-09-01,1997,9,1.744
1997-10-01,1997,10,1.501
1997-11-01,1997,11,1.157
1997-12-01,1997,12,0.793
1998-01-01,1998,1,0.913
1998-02-01,1998,2,1.405
1998-03-01,1998,3,1.343
1998-04-01,1998,4,0.342
1998-05-01,1998,5,-0.27
1998-06-01,1998,6,-0.336
1998-07-01,1998,7,-0.472
1998-08-01,1998,8,-0.177
1998-09-01,1998,9,-0.805
1998-10-01,1998,10,-1.419
1998-11-01,1998,11,-0.724
1998-12-01,1998,12,-1.018
1999-01-01,1999,1,-0.794
1999-02-01,1999,2,-1.009
1999-03-01,1999,3,-0.949
1999-04-01,1999,4,-1.407
1999-05-01,1999,5,-1.877
1999-06-01,1999,6,-1.967
1999-07-01,1999,7,-1.348
1999-08-01,1999,8,-1.127
1999-09-01,1999,9,-1.47
1999-10-01,1999,10,-1.995
1999-11-01,1999,11,-1.8
1999-12-01,1999,12,-1.723
2000-01-01,2000,1,-1.889
2000-02-01,2000,2,-1.162
2000-03-01,2000,3,-0.657
2000-04-01,2000,4,-0.382
2000-05-01,2000,5,-0.608
2000-06-01,2000,6,-0.73
2000-07-01,2000,7,-0.864
2000-08-01,2000,8,-1.106
2000-09-01,2000,9,-1.001
2000-10-01,2000,10,-1.101
2000-11-01,2000,11,-1.029
2000-12-01,2000,12,-0.446
2001-01-01,2001,1,0.06
2001-02-01,2001,2,-0.302
2001-03-01,2001,3,-0.294
2001-04-01,2001,4,-0.854
2001-05-01,2001,5,-0.777
2001-06-01,2001,6,-0.928
2001-07-01,2001,7,-1.598
2001-08-01,2001,8,-0.933
2001-09-01,2001,9,-1.128
2001-10-01,2001,10,-1.056
2001-11-01,2001,11,-0.775
2001-12-01,2001,12,-0.857
2002-01-01,2002,1,-0.358
2002-02-01,2002,2,-0.987
2002-03-01,2002,3,-0.71
2002-04-01,2002,4,-0.715
2002-05-01,2002,5,-1.042
2002-06-01,2002,6,-0.978
2002-07-01,2002,7,-0.186
2002-08-01,2002,8,0.266
2002-09-01,2002,9,0.097
2002-10-01,2002,10,0.177
2002-11-01,2002,11,0.916
2002-12-01,2002,12,1.198
2003-01-01,2003,1,1.145
2003-02-01,2003,2,0.986
2003-03-01,2003,3,1.004
2003-04-01,2003,4,0.522
2003-05-01,2003,5,0.085
2003-06-01,2003,6,-0.023
2003-07-01,2003,7,0.556
2003-08-01,2003,8,0.743
2003-09-01,2003,9,-0.144
2003-10-01,2003,10,0.482
2003-11-01,2003,11,-0.317
2003-12-01,2003,12,-0.558
2004-01-01,2004,1,-0.348
2004-02-01,2004,2,-0.157
2004-03-01,2004,3,0.113
2004-04-01,2004,4,0.154
2004-05-01,2004,5,0.413
2004-06-01,2004,6,-0.358
2004-07-01,2004,7,0.008
2004-08-01,2004,8,0.43
2004-09-01,2004,9,0.108
2004-10-01,2004,10,-0.666
2004-11-01,2004,11,-1.18
2004-12-01,2004,12,-0.874
2005-01-01,2005,1,-0.279
2005-02-01,2005,2,0.06
2005-03-01,2005,3,0.689
2005-04-01,2005,4,0.37
2005-05-01,2005,5,1.077
2005-06-01,2005,6,0.442
2005-07-01,2005,7,0.002
2005-08-01,2005,8,-0.21
2005-09-01,2005,9,-0.884
2005-10-01,2005,10,-1.774
2005-11-01,2005,11,-1.767
2005-12-01,2005,12,-0.36
2006-01-01,2006,1,0.342
2006-02-01,2006,2,0.362
2006-03-01,2006,3,-0.335
2006-04-01,2006,4,-0.329
2006-05-01,2006,5,-0.176
2006-06-01,2006,6,0.216
2006-07-01,2006,7,0.304
2006-08-01,2006,8,-0.58
2006-09-01,2006,9,-0.99
2006-10-01,2006,10,-0.36
2006-11-01,2006,11,-0.638
2006-12-01,2006,12,-0.506
2007-01-01,2007,1,-0.705
2007-02-01,2007,2,-0.477
2007-03-01,2007,3,-0.754
2007-04-01,2007,4,-0.287
2007-05-01,2007,5,-0.23
2007-06-01,2007,6,-0.134
2007-07-01,2007,7,0.788
2007-08-01,2007,8,0.166
2007-09-01,2007,9,-0.622
2007-10-01,2007,10,-2.032
2007-11-01,2007,11,-1.65
2007-12-01,2007,12,-1.11
2008-01-01,2008,1,-1.624
2008-02-01,2008,2,-1.431
2008-03-01,2008,3,-1.213
2008-04-01,2008,4,-1.725
2008-05-01,2008,5,-1.563
2008-06-01,2008,6,-1.739
2008-07-01,2008,7,-1.519
2008-08-01,2008,8,-1.37
2008-09-01,2008,9,-1.377
2008-10-01,2008,10,-1.709
2008-11-01,2008,11,-1.537
2008-12-01,2008,12,-1.342
2009-01-01,2009,1,-1.76
2009-02-01,2009,2,-1.665
2009-03-01,2009,3,-1.914
2009-04-01,2009,4,-1.873
2009-05-01,2009,5,-0.969
2009-06-01,2009,6,-0.527
2009-07-01,2009,7,-0.449
2009-08-01,2009,8,-0.061
2009-09-01,2009,9,0.533
2009-10-01,2009,10,0.084
2009-11-01,2009,11,-0.777
2009-12-01,2009,12,-0.658
2010-01-01,2010,1,0.056
2010-02-01,2010,2,0.257
2010-03-01,2010,3,-0.11
2010-04-01,2010,4,-0.01
2010-05-01,2010,5,-0.073
2010-06-01,2010,6,-0.855
2010-07-01,2010,7,-1.611
2010-08-01,2010,8,-1.738
2010-09-01,2010,9,-1.88
2010-10-01,2010,10,-1.38
2010-11-01,2010,11,-1.355
2010-12-01,2010,12,-1.919
2011-01-01,2011,1,-1.643
2011-02-01,2011,2,-1.202
2011-03-01,2011,3,-1.114
2011-04-01,2011,4,-1.027
2011-05-01,2011,5,-1.117
2011-06-01,2011,6,-1.682
2011-07-01,2011,7,-2.426
2011-08-01,2011,8,-2.232
2011-09-01,2011,9,-1.984
2011-10-01,2011,10,-1.664
2011-11-01,2011,11,-2.74
2011-12-01,2011,12,-2.485
2012-01-01,2012,1,-1.89
2012-02-01,2012,2,-1.262
2012-03-01,2012,3,-1.454
2012-04-01,2012,4,-0.64
2012-05-01,2012,5,-1.5
2012-06-01,2012,6,-1.413
2012-07-01,2012,7,-1.976
2012-08-01,2012,8,-1.972
2012-09-01,2012,9,-2.23
2012-10-01,2012,10,-0.802
2012-11-01,2012,11,-0.703
2012-12-01,2012,12,-1.174
2013-01-01,2013,1,-1.004
2013-02-01,2013,2,-1.24
2013-03-01,2013,3,-1.154
2013-04-01,2013,4,-0.659
2013-05-01,2013,5,-0.317
2013-06-01,2013,6,-1.203
2013-07-01,2013,7,-1.344
2013-08-01,2013,8,-1.276
2013-09-01,2013,9,-0.766
2013-10-01,2013,10,-1.347
2013-11-01,2013,11,-0.9
2013-12-01,2013,12,-1.252
2014-01-01,2014,1,-0.593
2014-02-01,2014,2,-0.295
2014-03-01,2014,3,0.415
2014-04-01,2014,4,0.526
2014-05-01,2014,5,1.31
2014-06-01,2014,6,-0.426
2014-07-01,2014,7,0.219
2014-08-01,2014,8,0.21
2014-09-01,2014,9,0.308
2014-10-01,2014,10,0.881
2014-11-01,2014,11,0.917
2014-12-01,2014,12,1.432
2015-01-01,2015,1,1.31
2015-02-01,2015,2,1.46
2015-03-01,2015,3,1.33
2015-04-01,2015,4,0.86
2015-05-01,2015,5,0.362
2015-06-01,2015,6,0.609
2015-07-01,2015,7,1.358
2015-08-01,2015,8,0.865
2015-09-01,2015,9,1.038
2015-10-01,2015,10,0.813
2015-11-01,2015,11,-0.13
2015-12-01,2015,12,-0.128
2016-01-01,2016,1,0.528
2016-02-01,2016,2,1.116
2016-03-01,2016,3,1.578
2016-04-01,2016,4,1.723
2016-05-01,2016,5,1.596
2016-06-01,2016,6,0.937
2016-07-01,2016,7,0.461
2016-08-01,2016,8,-0.184
2016-09-01,2016,9,-0.392
2016-10-01,2016,10,-0.418
2016-11-01,2016,11,0.576
2016-12-01,2016,12,-0.215
2017-01-01,2017,1,-0.474
2017-02-01,2017,2,0.018
2017-03-01,2017,3,-0.019
2017-04-01,2017,4,0.348
2017-05-01,2017,5,0.234
2017-06-01,2017,6,0.069
2017-07-01,2017,7,-0.546
2017-08-01,2017,8,-0.367
2017-09-01,2017,9,-0.024
2017-10-01,2017,10,-0.602
2017-11-01,2017,11,-0.667
2017-12-01,2017,12,-0.317
2018-01-01,2018,1,-0.1
2018-02-01,2018,2,-0.366
2018-03-01,2018,3,-0.914
2018-04-01,2018,4,-0.526
2018-05-01,2018,5,-0.496
2018-06-01,2018,6,-0.901
2018-07-01,2018,7,-0.395
2018-08-01,2018,8,-0.151
2018-09-01,2018,9,-0.325
2018-10-01,2018,10,-0.614
2018-11-01,2018,11,-0.733
2018-12-01,2018,12,-0.392
2019-01-01,2019,1,-0.466
2019-02-01,2019,2,-0.431
2019-03-01,2019,3,-0.36
2019-04-01,2019,4,0.147
2019-05-01,2019,5,0.27
2019-06-01,2019,6,-0.067
2019-07-01,2019,7,0.111
2019-08-01,2019,8,-0.112
2019-09-01,2019,9,-0.254
2019-10-01,2019,10,-1.216
2019-11-01,2019,11,-0.627
2019-12-01,2019,12,-0.267
2020-01-01,2020,1,-1.039
2020-02-01,2020,2,-1.21
2020-03-01,2020,3,-1.788
2020-04-01,2020,4,-1.537
2020-05-01,2020,5,-0.737
2020-06-01,2020,6,-1.216
2020-07-01,2020,7,-1.164
2020-08-01,2020,8,-1.412
2020-09-01,2020,9,-1.277
2020-10-01,2020,10,-0.891
2020-11-01,2020,11,-1.931
2020-12-01,2020,12,-1.465
2021-01-01,2021,1,-0.998
2021-02-01,2021,2,-1.306
2021-03-01,2021,3,-1.795
2021-04-01,2021,4,-1.595
2021-05-01,2021,5,-1.959
2021-06-01,2021,6,-1.975
2021-07-01,2021,7,-1.872
2021-08-01,2021,8,-1.081
2021-09-01,2021,9,-2.086
2021-10-01,2021,10,-2.973
2021-11-01,2021,11,-2.683
2021-12-01,2021,12,-2.702
2022-01-01,2022,1,-2.357
2022-02-01,2022,2,-1.926
2022-03-01,2022,3,-1.76
2022-04-01,2022,4,-2.108
2022-05-01,2022,5,-2.447
2022-06-01,2022,6,-1.682
2022-07-01,2022,7,-2.5
2022-08-01,2022,8,-1.949
2022-09-01,2022,9,-1.805
2022-10-01,2022,10,-1.683
2022-11-01,2022,11,-2.368
2022-12-01,2022,12,-2.165
2023-01-01,2023,1,-1.299
2023-02-01,2023,2,-1.689
2023-03-01,2023,3,-2.188
2023-04-01,2023,4,-2.736
2023-05-01,2023,5,-2.049
2023-06-01,2023,6,-2.497
2023-07-01,2023,7,-2.399
2023-08-01,2023,8,-2.118
2023-09-01,2023,9,-2.606
2023-10-01,2023,10,-2.162
2023-11-01,2023,11,-1.793
2023-12-01,2023,12,-1.769
2024-01-01,2024,1,-1.5
2024-02-01,2024,2,-1.289
2024-03-01,2024,3,-1.222
2024-04-01,2024,4,-1.744
2024-05-01,2024,5,-2.739
2024-06-01,2024,6,-2.901
2024-07-01,2024,7,-2.319
2024-08-01,2024,8,-2.099
2024-09-01,2024,9,-2.906
2024-10-01,2024,10,-3.233
2024-11-01,2024,11,-3.035
2024-12-01,2024,12,-2.092
2025-01-01,2025,1,-1.325
2025-02-01,2025,2,-1.352
2025-03-01,2025,3,-1.13
2025-04-01,2025,4,-1.165
2025-05-01,2025,5,-1.727
2025-06-01,2025,6,-2.891
2025-07-01,2025,7,-3.851
2025-08-01,2025,8,-2.846
2025-09-01,2025,9,-2.154
2025-10-01,2025,10,-2.393
2025-11-01,2025,11,-1.797
2025-12-01,2025,12,-1.26
2026-01-01,2026,1,-1.336
2026-02-01,2026,2,-0.898
2026-03-01,2026,3,-1.244
2026-04-01,2026,4,-1.211
2026-05-01,2026,5,-1.451
2026-06-01,2026,6,-1.608
2026-07-01,2026,7,
2026-08-01,2026,8,
2026-09-01,2026,9,
2026-10-01,2026,10,
2026-11-01,2026,11,
2026-12-01,2026,12,
