date,year,month,pmm
1948-01-01,1948,1,-1.36
1948-02-01,1948,2,-6.94
1948-03-01,1948,3,-6.13
1948-04-01,1948,4,-1.68
1948-05-01,1948,5,-0.13
1948-06-01,1948,6,-0.21
1948-07-01,1948,7,3.3
1948-08-01,1948,8,3.54
1948-09-01,1948,9,1.72
1948-10-01,1948,10,-2.05
1948-11-01,1948,11,-3.0
1948-12-01,1948,12,-1.57
1949-01-01,1949,1,-2.69
1949-02-01,1949,2,-3.08
1949-03-01,1949,3,-3.2
1949-04-01,1949,4,-3.76
1949-05-01,1949,5,-1.56
1949-06-01,1949,6,-0.33
1949-07-01,1949,7,1.95
1949-08-01,1949,8,1.59
1949-09-01,1949,9,-0.8
1949-10-01,1949,10,-1.06
1949-11-01,1949,11,-0.17
1949-12-01,1949,12,0.32
1950-01-01,1950,1,0.18
1950-02-01,1950,2,0.18
1950-03-01,1950,3,-0.81
1950-04-01,1950,4,-0.23
1950-05-01,1950,5,-0.22
1950-06-01,1950,6,0.28
1950-07-01,1950,7,0.45
1950-08-01,1950,8,-0.58
1950-09-01,1950,9,-0.31
1950-10-01,1950,10,-0.59
1950-11-01,1950,11,-0.45
1950-12-01,1950,12,0.98
1951-01-01,1951,1,-1.11
1951-02-01,1951,2,-1.69
1951-03-01,1951,3,-1.52
1951-04-01,1951,4,-0.74
1951-05-01,1951,5,0.16
1951-06-01,1951,6,-0.29
1951-07-01,1951,7,-2.28
1951-08-01,1951,8,-2.63
1951-09-01,1951,9,-2.12
1951-10-01,1951,10,-2.63
1951-11-01,1951,11,-3.36
1951-12-01,1951,12,-3.36
1952-01-01,1952,1,-2.77
1952-02-01,1952,2,-1.18
1952-03-01,1952,3,-1.59
1952-04-01,1952,4,-0.75
1952-05-01,1952,5,0.57
1952-06-01,1952,6,-0.4
1952-07-01,1952,7,-0.19
1952-08-01,1952,8,-0.02
1952-09-01,1952,9,-1.12
1952-10-01,1952,10,0.21
1952-11-01,1952,11,-0.41
1952-12-01,1952,12,-1.15
1953-01-01,1953,1,-2.23
1953-02-01,1953,2,-3.46
1953-03-01,1953,3,-3.63
1953-04-01,1953,4,-2.51
1953-05-01,1953,5,-2.68
1953-06-01,1953,6,-3.39
1953-07-01,1953,7,-2.38
1953-08-01,1953,8,-2.05
1953-09-01,1953,9,-3.7
1953-10-01,1953,10,-3.7
1953-11-01,1953,11,-3.42
1953-12-01,1953,12,-3.26
1954-01-01,1954,1,-0.73
1954-02-01,1954,2,0.35
1954-03-01,1954,3,1.01
1954-04-01,1954,4,4.78
1954-05-01,1954,5,4.35
1954-06-01,1954,6,2.25
1954-07-01,1954,7,1.84
1954-08-01,1954,8,1.37
1954-09-01,1954,9,0.88
1954-10-01,1954,10,0.34
1954-11-01,1954,11,-0.16
1954-12-01,1954,12,0.79
1955-01-01,1955,1,-0.75
1955-02-01,1955,2,-2.58
1955-03-01,1955,3,-1.88
1955-04-01,1955,4,-2.78
1955-05-01,1955,5,-1.96
1955-06-01,1955,6,-1.65
1955-07-01,1955,7,-1.75
1955-08-01,1955,8,-2.97
1955-09-01,1955,9,-1.71
1955-10-01,1955,10,-2.48
1955-11-01,1955,11,-1.73
1955-12-01,1955,12,-0.89
1956-01-01,1956,1,0.47
1956-02-01,1956,2,-0.45
1956-03-01,1956,3,-2.34
1956-04-01,1956,4,-2.24
1956-05-01,1956,5,-2.39
1956-06-01,1956,6,-3.68
1956-07-01,1956,7,-3.17
1956-08-01,1956,8,-1.95
1956-09-01,1956,9,-2.77
1956-10-01,1956,10,-2.25
1956-11-01,1956,11,-0.67
1956-12-01,1956,12,0.83
1957-01-01,1957,1,1.37
1957-02-01,1957,2,1.26
1957-03-01,1957,3,0.12
1957-04-01,1957,4,1.6
1957-05-01,1957,5,1.01
1957-06-01,1957,6,0.47
1957-07-01,1957,7,-0.99
1957-08-01,1957,8,-1.45
1957-09-01,1957,9,0.35
1957-10-01,1957,10,0.73
1957-11-01,1957,11,0.5
1957-12-01,1957,12,1.16
1958-01-01,1958,1,2.24
1958-02-01,1958,2,3.51
1958-03-01,1958,3,3.29
1958-04-01,1958,4,2.48
1958-05-01,1958,5,3.06
1958-06-01,1958,6,4.34
1958-07-01,1958,7,4.16
1958-08-01,1958,8,3.68
1958-09-01,1958,9,3.55
1958-10-01,1958,10,3.72
1958-11-01,1958,11,3.51
1958-12-01,1958,12,4.5
1959-01-01,1959,1,5.37
1959-02-01,1959,2,4.34
1959-03-01,1959,3,3.19
1959-04-01,1959,4,3.52
1959-05-01,1959,5,3.56
1959-06-01,1959,6,3.44
1959-07-01,1959,7,3.5
1959-08-01,1959,8,3.49
1959-09-01,1959,9,2.75
1959-10-01,1959,10,1.99
1959-11-01,1959,11,1.13
1959-12-01,1959,12,0.63
1960-01-01,1960,1,-1.16
1960-02-01,1960,2,0.24
1960-03-01,1960,3,0.98
1960-04-01,1960,4,2.34
1960-05-01,1960,5,1.55
1960-06-01,1960,6,1.45
1960-07-01,1960,7,1.59
1960-08-01,1960,8,-0.11
1960-09-01,1960,9,-1.03
1960-10-01,1960,10,1.0
1960-11-01,1960,11,0.47
1960-12-01,1960,12,1.7
1961-01-01,1961,1,0.98
1961-02-01,1961,2,0.05
1961-03-01,1961,3,0.31
1961-04-01,1961,4,-1.22
1961-05-01,1961,5,-1.57
1961-06-01,1961,6,-0.67
1961-07-01,1961,7,1.52
1961-08-01,1961,8,1.49
1961-09-01,1961,9,1.06
1961-10-01,1961,10,1.02
1961-11-01,1961,11,-1.23
1961-12-01,1961,12,-2.33
1962-01-01,1962,1,-1.62
1962-02-01,1962,2,-1.0
1962-03-01,1962,3,0.77
1962-04-01,1962,4,1.43
1962-05-01,1962,5,-0.26
1962-06-01,1962,6,-0.74
1962-07-01,1962,7,-0.13
1962-08-01,1962,8,-0.81
1962-09-01,1962,9,-0.99
1962-10-01,1962,10,-1.26
1962-11-01,1962,11,0.16
1962-12-01,1962,12,0.25
1963-01-01,1963,1,-0.13
1963-02-01,1963,2,2.69
1963-03-01,1963,3,1.89
1963-04-01,1963,4,2.73
1963-05-01,1963,5,0.85
1963-06-01,1963,6,-0.55
1963-07-01,1963,7,-0.79
1963-08-01,1963,8,-0.67
1963-09-01,1963,9,-0.09
1963-10-01,1963,10,0.0
1963-11-01,1963,11,-0.13
1963-12-01,1963,12,-0.2
1964-01-01,1964,1,0.02
1964-02-01,1964,2,-0.41
1964-03-01,1964,3,-1.62
1964-04-01,1964,4,0.13
1964-05-01,1964,5,2.09
1964-06-01,1964,6,2.21
1964-07-01,1964,7,0.47
1964-08-01,1964,8,0.06
1964-09-01,1964,9,-2.84
1964-10-01,1964,10,-2.3
1964-11-01,1964,11,-1.78
1964-12-01,1964,12,-0.57
1965-01-01,1965,1,-0.99
1965-02-01,1965,2,-1.97
1965-03-01,1965,3,-2.26
1965-04-01,1965,4,-2.1
1965-05-01,1965,5,-2.91
1965-06-01,1965,6,-4.32
1965-07-01,1965,7,-4.58
1965-08-01,1965,8,-3.25
1965-09-01,1965,9,-1.64
1965-10-01,1965,10,-0.63
1965-11-01,1965,11,-0.63
1965-12-01,1965,12,-1.62
1966-01-01,1966,1,-2.0
1966-02-01,1966,2,-0.86
1966-03-01,1966,3,2.97
1966-04-01,1966,4,3.99
1966-05-01,1966,5,4.87
1966-06-01,1966,6,3.9
1966-07-01,1966,7,3.55
1966-08-01,1966,8,2.81
1966-09-01,1966,9,3.31
1966-10-01,1966,10,3.52
1966-11-01,1966,11,4.86
1966-12-01,1966,12,4.4
1967-01-01,1967,1,1.6
1967-02-01,1967,2,0.71
1967-03-01,1967,3,2.99
1967-04-01,1967,4,4.03
1967-05-01,1967,5,4.07
1967-06-01,1967,6,3.88
1967-07-01,1967,7,4.8
1967-08-01,1967,8,5.64
1967-09-01,1967,9,5.97
1967-10-01,1967,10,5.03
1967-11-01,1967,11,4.46
1967-12-01,1967,12,3.42
1968-01-01,1968,1,4.11
1968-02-01,1968,2,6.22
1968-03-01,1968,3,6.42
1968-04-01,1968,4,5.76
1968-05-01,1968,5,6.19
1968-06-01,1968,6,5.78
1968-07-01,1968,7,3.03
1968-08-01,1968,8,1.88
1968-09-01,1968,9,1.69
1968-10-01,1968,10,3.34
1968-11-01,1968,11,3.93
1968-12-01,1968,12,3.59
1969-01-01,1969,1,3.96
1969-02-01,1969,2,3.38
1969-03-01,1969,3,0.95
1969-04-01,1969,4,1.18
1969-05-01,1969,5,0.59
1969-06-01,1969,6,1.17
1969-07-01,1969,7,0.62
1969-08-01,1969,8,-0.69
1969-09-01,1969,9,-1.59
1969-10-01,1969,10,-2.48
1969-11-01,1969,11,-2.09
1969-12-01,1969,12,-0.62
1970-01-01,1970,1,0.29
1970-02-01,1970,2,1.34
1970-03-01,1970,3,1.56
1970-04-01,1970,4,1.02
1970-05-01,1970,5,0.6
1970-06-01,1970,6,1.65
1970-07-01,1970,7,2.12
1970-08-01,1970,8,1.62
1970-09-01,1970,9,0.19
1970-10-01,1970,10,0.69
1970-11-01,1970,11,1.66
1970-12-01,1970,12,0.04
1971-01-01,1971,1,-1.72
1971-02-01,1971,2,-1.58
1971-03-01,1971,3,-2.55
1971-04-01,1971,4,-2.98
1971-05-01,1971,5,-3.26
1971-06-01,1971,6,-3.92
1971-07-01,1971,7,-3.56
1971-08-01,1971,8,-2.01
1971-09-01,1971,9,-2.35
1971-10-01,1971,10,-2.55
1971-11-01,1971,11,-3.61
1971-12-01,1971,12,-4.51
1972-01-01,1972,1,-4.76
1972-02-01,1972,2,-2.98
1972-03-01,1972,3,-1.31
1972-04-01,1972,4,-0.86
1972-05-01,1972,5,-1.74
1972-06-01,1972,6,-2.51
1972-07-01,1972,7,-3.59
1972-08-01,1972,8,-4.52
1972-09-01,1972,9,-4.14
1972-10-01,1972,10,-4.49
1972-11-01,1972,11,-5.49
1972-12-01,1972,12,-4.87
1973-01-01,1973,1,-4.21
1973-02-01,1973,2,-2.96
1973-03-01,1973,3,-2.34
1973-04-01,1973,4,-1.2
1973-05-01,1973,5,0.45
1973-06-01,1973,6,0.08
1973-07-01,1973,7,1.03
1973-08-01,1973,8,-0.33
1973-09-01,1973,9,-1.01
1973-10-01,1973,10,-1.38
1973-11-01,1973,11,-0.86
1973-12-01,1973,12,-1.34
1974-01-01,1974,1,-0.48
1974-02-01,1974,2,-1.32
1974-03-01,1974,3,-1.73
1974-04-01,1974,4,-1.74
1974-05-01,1974,5,-3.26
1974-06-01,1974,6,-4.08
1974-07-01,1974,7,-3.73
1974-08-01,1974,8,-3.18
1974-09-01,1974,9,-2.23
1974-10-01,1974,10,-2.78
1974-11-01,1974,11,-3.57
1974-12-01,1974,12,-3.27
1975-01-01,1975,1,-4.57
1975-02-01,1975,2,-3.5
1975-03-01,1975,3,-4.42
1975-04-01,1975,4,-5.28
1975-05-01,1975,5,-4.89
1975-06-01,1975,6,-3.99
1975-07-01,1975,7,-4.34
1975-08-01,1975,8,-4.8
1975-09-01,1975,9,-4.63
1975-10-01,1975,10,-4.95
1975-11-01,1975,11,-5.25
1975-12-01,1975,12,-3.14
1976-01-01,1976,1,-2.5
1976-02-01,1976,2,-2.5
1976-03-01,1976,3,-1.87
1976-04-01,1976,4,-4.2
1976-05-01,1976,5,-5.47
1976-06-01,1976,6,-6.24
1976-07-01,1976,7,-6.29
1976-08-01,1976,8,-6.02
1976-09-01,1976,9,-4.79
1976-10-01,1976,10,-2.79
1976-11-01,1976,11,-1.8
1976-12-01,1976,12,-1.69
1977-01-01,1977,1,-1.94
1977-02-01,1977,2,-1.15
1977-03-01,1977,3,-2.31
1977-04-01,1977,4,-1.52
1977-05-01,1977,5,-1.59
1977-06-01,1977,6,-1.37
1977-07-01,1977,7,0.22
1977-08-01,1977,8,2.44
1977-09-01,1977,9,3.39
1977-10-01,1977,10,1.7
1977-11-01,1977,11,0.85
1977-12-01,1977,12,2.23
1978-01-01,1978,1,3.14
1978-02-01,1978,2,3.02
1978-03-01,1978,3,3.22
1978-04-01,1978,4,3.59
1978-05-01,1978,5,2.96
1978-06-01,1978,6,3.5
1978-07-01,1978,7,3.94
1978-08-01,1978,8,2.84
1978-09-01,1978,9,1.0
1978-10-01,1978,10,1.02
1978-11-01,1978,11,0.29
1978-12-01,1978,12,-0.98
1979-01-01,1979,1,0.77
1979-02-01,1979,2,-0.59
1979-03-01,1979,3,-0.97
1979-04-01,1979,4,-0.36
1979-05-01,1979,5,-0.69
1979-06-01,1979,6,-0.34
1979-07-01,1979,7,-0.19
1979-08-01,1979,8,-0.16
1979-09-01,1979,9,-0.84
1979-10-01,1979,10,1.78
1979-11-01,1979,11,2.02
1979-12-01,1979,12,4.13
1980-01-01,1980,1,5.73
1980-02-01,1980,2,6.04
1980-03-01,1980,3,5.62
1980-04-01,1980,4,3.72
1980-05-01,1980,5,2.35
1980-06-01,1980,6,0.4
1980-07-01,1980,7,0.8
1980-08-01,1980,8,0.86
1980-09-01,1980,9,0.2
1980-10-01,1980,10,-0.51
1980-11-01,1980,11,-0.9
1980-12-01,1980,12,-0.19
1981-01-01,1981,1,3.62
1981-02-01,1981,2,3.19
1981-03-01,1981,3,2.01
1981-04-01,1981,4,0.82
1981-05-01,1981,5,0.82
1981-06-01,1981,6,0.94
1981-07-01,1981,7,0.26
1981-08-01,1981,8,0.63
1981-09-01,1981,9,1.33
1981-10-01,1981,10,1.08
1981-11-01,1981,11,1.59
1981-12-01,1981,12,1.94
1982-01-01,1982,1,0.61
1982-02-01,1982,2,1.66
1982-03-01,1982,3,2.49
1982-04-01,1982,4,3.1
1982-05-01,1982,5,1.92
1982-06-01,1982,6,2.46
1982-07-01,1982,7,0.91
1982-08-01,1982,8,-0.82
1982-09-01,1982,9,-3.25
1982-10-01,1982,10,-4.82
1982-11-01,1982,11,-5.42
1982-12-01,1982,12,-7.91
1983-01-01,1983,1,-8.67
1983-02-01,1983,2,-6.99
1983-03-01,1983,3,-4.24
1983-04-01,1983,4,-5.04
1983-05-01,1983,5,-6.93
1983-06-01,1983,6,-7.74
1983-07-01,1983,7,-6.81
1983-08-01,1983,8,-6.41
1983-09-01,1983,9,-4.29
1983-10-01,1983,10,-2.83
1983-11-01,1983,11,-0.62
1983-12-01,1983,12,1.04
1984-01-01,1984,1,2.18
1984-02-01,1984,2,0.08
1984-03-01,1984,3,-0.28
1984-04-01,1984,4,-3.35
1984-05-01,1984,5,-2.09
1984-06-01,1984,6,-1.34
1984-07-01,1984,7,-0.62
1984-08-01,1984,8,-1.62
1984-09-01,1984,9,0.98
1984-10-01,1984,10,1.04
1984-11-01,1984,11,-0.48
1984-12-01,1984,12,-0.14
1985-01-01,1985,1,-0.17
1985-02-01,1985,2,0.27
1985-03-01,1985,3,-1.82
1985-04-01,1985,4,-0.36
1985-05-01,1985,5,-0.38
1985-06-01,1985,6,0.99
1985-07-01,1985,7,3.85
1985-08-01,1985,8,3.08
1985-09-01,1985,9,3.44
1985-10-01,1985,10,2.42
1985-11-01,1985,11,4.11
1985-12-01,1985,12,5.51
1986-01-01,1986,1,4.93
1986-02-01,1986,2,4.49
1986-03-01,1986,3,4.89
1986-04-01,1986,4,4.21
1986-05-01,1986,5,4.51
1986-06-01,1986,6,4.97
1986-07-01,1986,7,3.78
1986-08-01,1986,8,4.48
1986-09-01,1986,9,3.61
1986-10-01,1986,10,2.75
1986-11-01,1986,11,1.44
1986-12-01,1986,12,1.32
1987-01-01,1987,1,-1.46
1987-02-01,1987,2,-1.53
1987-03-01,1987,3,-2.06
1987-04-01,1987,4,-2.8
1987-05-01,1987,5,-1.2
1987-06-01,1987,6,-1.16
1987-07-01,1987,7,-2.37
1987-08-01,1987,8,-3.24
1987-09-01,1987,9,-2.26
1987-10-01,1987,10,-0.0
1987-11-01,1987,11,0.95
1987-12-01,1987,12,-1.66
1988-01-01,1988,1,0.33
1988-02-01,1988,2,0.63
1988-03-01,1988,3,-0.08
1988-04-01,1988,4,1.03
1988-05-01,1988,5,4.31
1988-06-01,1988,6,3.09
1988-07-01,1988,7,3.63
1988-08-01,1988,8,2.55
1988-09-01,1988,9,1.78
1988-10-01,1988,10,1.54
1988-11-01,1988,11,1.1
1988-12-01,1988,12,1.71
1989-01-01,1989,1,-2.82
1989-02-01,1989,2,-4.41
1989-03-01,1989,3,-0.49
1989-04-01,1989,4,1.23
1989-05-01,1989,5,1.14
1989-06-01,1989,6,-0.06
1989-07-01,1989,7,0.69
1989-08-01,1989,8,-0.43
1989-09-01,1989,9,-0.66
1989-10-01,1989,10,-0.01
1989-11-01,1989,11,2.07
1989-12-01,1989,12,3.74
1990-01-01,1990,1,1.79
1990-02-01,1990,2,-0.13
1990-03-01,1990,3,1.8
1990-04-01,1990,4,1.77
1990-05-01,1990,5,1.22
1990-06-01,1990,6,1.13
1990-07-01,1990,7,3.4
1990-08-01,1990,8,3.41
1990-09-01,1990,9,2.54
1990-10-01,1990,10,3.56
1990-11-01,1990,11,3.9
1990-12-01,1990,12,3.7
1991-01-01,1991,1,3.32
1991-02-01,1991,2,4.2
1991-03-01,1991,3,2.68
1991-04-01,1991,4,1.77
1991-05-01,1991,5,-1.09
1991-06-01,1991,6,-2.68
1991-07-01,1991,7,-1.88
1991-08-01,1991,8,-0.11
1991-09-01,1991,9,0.68
1991-10-01,1991,10,1.09
1991-11-01,1991,11,-0.39
1991-12-01,1991,12,-1.76
1992-01-01,1992,1,-3.87
1992-02-01,1992,2,-3.03
1992-03-01,1992,3,-2.5
1992-04-01,1992,4,-1.84
1992-05-01,1992,5,2.01
1992-06-01,1992,6,4.53
1992-07-01,1992,7,5.67
1992-08-01,1992,8,4.54
1992-09-01,1992,9,4.85
1992-10-01,1992,10,5.66
1992-11-01,1992,11,5.18
1992-12-01,1992,12,4.19
1993-01-01,1993,1,4.16
1993-02-01,1993,2,3.44
1993-03-01,1993,3,1.74
1993-04-01,1993,4,-0.68
1993-05-01,1993,5,-1.07
1993-06-01,1993,6,0.57
1993-07-01,1993,7,1.6
1993-08-01,1993,8,2.32
1993-09-01,1993,9,1.5
1993-10-01,1993,10,2.69
1993-11-01,1993,11,3.56
1993-12-01,1993,12,2.86
1994-01-01,1994,1,3.15
1994-02-01,1994,2,3.03
1994-03-01,1994,3,3.83
1994-04-01,1994,4,4.51
1994-05-01,1994,5,2.07
1994-06-01,1994,6,2.04
1994-07-01,1994,7,5.4
1994-08-01,1994,8,5.38
1994-09-01,1994,9,3.86
1994-10-01,1994,10,2.47
1994-11-01,1994,11,-0.91
1994-12-01,1994,12,-4.06
1995-01-01,1995,1,-2.98
1995-02-01,1995,2,-0.35
1995-03-01,1995,3,4.94
1995-04-01,1995,4,3.43
1995-05-01,1995,5,4.83
1995-06-01,1995,6,2.82
1995-07-01,1995,7,1.77
1995-08-01,1995,8,2.55
1995-09-01,1995,9,3.03
1995-10-01,1995,10,2.25
1995-11-01,1995,11,2.62
1995-12-01,1995,12,4.32
1996-01-01,1996,1,2.88
1996-02-01,1996,2,3.1
1996-03-01,1996,3,2.26
1996-04-01,1996,4,2.77
1996-05-01,1996,5,3.75
1996-06-01,1996,6,3.04
1996-07-01,1996,7,0.32
1996-08-01,1996,8,1.46
1996-09-01,1996,9,1.92
1996-10-01,1996,10,2.61
1996-11-01,1996,11,3.42
1996-12-01,1996,12,3.58
1997-01-01,1997,1,5.44
1997-02-01,1997,2,3.6
1997-03-01,1997,3,1.96
1997-04-01,1997,4,1.96
1997-05-01,1997,5,1.36
1997-06-01,1997,6,0.51
1997-07-01,1997,7,-4.43
1997-08-01,1997,8,-5.33
1997-09-01,1997,9,-4.71
1997-10-01,1997,10,-6.17
1997-11-01,1997,11,-6.26
1997-12-01,1997,12,-8.51
1998-01-01,1998,1,-8.36
1998-02-01,1998,2,-6.69
1998-03-01,1998,3,-5.39
1998-04-01,1998,4,-8.57
1998-05-01,1998,5,-7.11
1998-06-01,1998,6,-3.22
1998-07-01,1998,7,-3.07
1998-08-01,1998,8,-1.98
1998-09-01,1998,9,-1.88
1998-10-01,1998,10,-2.82
1998-11-01,1998,11,-3.61
1998-12-01,1998,12,-4.63
1999-01-01,1999,1,-3.27
1999-02-01,1999,2,-5.94
1999-03-01,1999,3,-7.27
1999-04-01,1999,4,-6.33
1999-05-01,1999,5,-6.93
1999-06-01,1999,6,-5.61
1999-07-01,1999,7,-4.24
1999-08-01,1999,8,-3.19
1999-09-01,1999,9,-2.52
1999-10-01,1999,10,-2.45
1999-11-01,1999,11,-0.71
1999-12-01,1999,12,-1.41
2000-01-01,2000,1,-1.38
2000-02-01,2000,2,-3.27
2000-03-01,2000,3,-5.19
2000-04-01,2000,4,-6.32
2000-05-01,2000,5,-5.92
2000-06-01,2000,6,-1.24
2000-07-01,2000,7,-0.42
2000-08-01,2000,8,0.6
2000-09-01,2000,9,-0.05
2000-10-01,2000,10,-0.92
2000-11-01,2000,11,-1.18
2000-12-01,2000,12,-1.49
2001-01-01,2001,1,-0.97
2001-02-01,2001,2,-4.06
2001-03-01,2001,3,-5.57
2001-04-01,2001,4,-5.92
2001-05-01,2001,5,-5.63
2001-06-01,2001,6,-3.3
2001-07-01,2001,7,-1.38
2001-08-01,2001,8,0.61
2001-09-01,2001,9,1.84
2001-10-01,2001,10,1.15
2001-11-01,2001,11,3.46
2001-12-01,2001,12,1.37
2002-01-01,2002,1,1.65
2002-02-01,2002,2,-0.86
2002-03-01,2002,3,-1.81
2002-04-01,2002,4,0.43
2002-05-01,2002,5,-0.46
2002-06-01,2002,6,-1.81
2002-07-01,2002,7,-3.04
2002-08-01,2002,8,-1.37
2002-09-01,2002,9,-1.61
2002-10-01,2002,10,-1.72
2002-11-01,2002,11,-2.84
2002-12-01,2002,12,-1.48
2003-01-01,2003,1,-0.2
2003-02-01,2003,2,2.09
2003-03-01,2003,3,2.23
2003-04-01,2003,4,1.81
2003-05-01,2003,5,2.07
2003-06-01,2003,6,2.43
2003-07-01,2003,7,0.64
2003-08-01,2003,8,1.45
2003-09-01,2003,9,1.93
2003-10-01,2003,10,1.47
2003-11-01,2003,11,0.64
2003-12-01,2003,12,0.58
2004-01-01,2004,1,0.61
2004-02-01,2004,2,0.72
2004-03-01,2004,3,0.43
2004-04-01,2004,4,0.28
2004-05-01,2004,5,2.94
2004-06-01,2004,6,2.82
2004-07-01,2004,7,2.36
2004-08-01,2004,8,2.5
2004-09-01,2004,9,2.71
2004-10-01,2004,10,2.24
2004-11-01,2004,11,1.3
2004-12-01,2004,12,-0.18
2005-01-01,2005,1,2.89
2005-02-01,2005,2,3.59
2005-03-01,2005,3,3.31
2005-04-01,2005,4,0.49
2005-05-01,2005,5,-0.48
2005-06-01,2005,6,-0.81
2005-07-01,2005,7,-1.72
2005-08-01,2005,8,-1.03
2005-09-01,2005,9,0.79
2005-10-01,2005,10,-0.6
2005-11-01,2005,11,0.81
2005-12-01,2005,12,2.7
2006-01-01,2006,1,0.62
2006-02-01,2006,2,-1.82
2006-03-01,2006,3,-0.12
2006-04-01,2006,4,-0.38
2006-05-01,2006,5,-2.21
2006-06-01,2006,6,-0.65
2006-07-01,2006,7,-0.6
2006-08-01,2006,8,0.31
2006-09-01,2006,9,-0.92
2006-10-01,2006,10,-1.26
2006-11-01,2006,11,-0.19
2006-12-01,2006,12,-1.83
2007-01-01,2007,1,-3.76
2007-02-01,2007,2,-2.3
2007-03-01,2007,3,-0.76
2007-04-01,2007,4,-0.37
2007-05-01,2007,5,-1.85
2007-06-01,2007,6,-0.61
2007-07-01,2007,7,-0.2
2007-08-01,2007,8,1.57
2007-09-01,2007,9,2.89
2007-10-01,2007,10,1.6
2007-11-01,2007,11,1.31
2007-12-01,2007,12,0.87
2008-01-01,2008,1,-1.98
2008-02-01,2008,2,-4.39
2008-03-01,2008,3,-4.7
2008-04-01,2008,4,-6.81
2008-05-01,2008,5,-7.94
2008-06-01,2008,6,-7.0
2008-07-01,2008,7,-5.43
2008-08-01,2008,8,-6.18
2008-09-01,2008,9,-5.45
2008-10-01,2008,10,-4.33
2008-11-01,2008,11,-2.52
2008-12-01,2008,12,-1.02
2009-01-01,2009,1,-0.98
2009-02-01,2009,2,-2.38
2009-03-01,2009,3,-1.02
2009-04-01,2009,4,-3.66
2009-05-01,2009,5,-2.46
2009-06-01,2009,6,0.25
2009-07-01,2009,7,-1.72
2009-08-01,2009,8,-0.36
2009-09-01,2009,9,1.4
2009-10-01,2009,10,2.09
2009-11-01,2009,11,1.13
2009-12-01,2009,12,0.78
2010-01-01,2010,1,2.16
2010-02-01,2010,2,1.09
2010-03-01,2010,3,-0.27
2010-04-01,2010,4,-1.78
2010-05-01,2010,5,-2.72
2010-06-01,2010,6,-1.32
2010-07-01,2010,7,-1.25
2010-08-01,2010,8,-2.22
2010-09-01,2010,9,-1.99
2010-10-01,2010,10,-1.29
2010-11-01,2010,11,-1.08
2010-12-01,2010,12,-0.08
2011-01-01,2011,1,-0.44
2011-02-01,2011,2,-1.9
2011-03-01,2011,3,-2.02
2011-04-01,2011,4,-4.28
2011-05-01,2011,5,-5.11
2011-06-01,2011,6,-7.3
2011-07-01,2011,7,-6.94
2011-08-01,2011,8,-5.4
2011-09-01,2011,9,-3.92
2011-10-01,2011,10,-2.46
2011-11-01,2011,11,-2.02
2011-12-01,2011,12,-2.49
2012-01-01,2012,1,-3.65
2012-02-01,2012,2,-4.34
2012-03-01,2012,3,-4.94
2012-04-01,2012,4,-5.26
2012-05-01,2012,5,-5.73
2012-06-01,2012,6,-8.11
2012-07-01,2012,7,-8.13
2012-08-01,2012,8,-6.93
2012-09-01,2012,9,-5.01
2012-10-01,2012,10,-1.86
2012-11-01,2012,11,-1.14
2012-12-01,2012,12,0.97
2013-01-01,2013,1,-0.45
2013-02-01,2013,2,-2.11
2013-03-01,2013,3,-4.73
2013-04-01,2013,4,-1.07
2013-05-01,2013,5,2.83
2013-06-01,2013,6,1.27
2013-07-01,2013,7,2.28
2013-08-01,2013,8,1.27
2013-09-01,2013,9,1.3
2013-10-01,2013,10,-0.18
2013-11-01,2013,11,1.3
2013-12-01,2013,12,1.11
2014-01-01,2014,1,1.1
2014-02-01,2014,2,4.15
2014-03-01,2014,3,4.7
2014-04-01,2014,4,1.99
2014-05-01,2014,5,1.49
2014-06-01,2014,6,0.47
2014-07-01,2014,7,-0.18
2014-08-01,2014,8,0.71
2014-09-01,2014,9,1.82
2014-10-01,2014,10,1.79
2014-11-01,2014,11,2.41
2014-12-01,2014,12,3.38
2015-01-01,2015,1,4.82
2015-02-01,2015,2,7.62
2015-03-01,2015,3,8.58
2015-04-01,2015,4,6.17
2015-05-01,2015,5,2.13
2015-06-01,2015,6,2.62
2015-07-01,2015,7,2.0
2015-08-01,2015,8,2.83
2015-09-01,2015,9,3.42
2015-10-01,2015,10,2.8
2015-11-01,2015,11,0.26
2015-12-01,2015,12,-2.12
2016-01-01,2016,1,-3.31
2016-02-01,2016,2,-1.11
2016-03-01,2016,3,1.2
2016-04-01,2016,4,2.36
2016-05-01,2016,5,2.8
2016-06-01,2016,6,4.19
2016-07-01,2016,7,4.79
2016-08-01,2016,8,5.64
2016-09-01,2016,9,3.63
2016-10-01,2016,10,1.67
2016-11-01,2016,11,1.94
2016-12-01,2016,12,1.4
2017-01-01,2017,1,1.03
2017-02-01,2017,2,-0.56
2017-03-01,2017,3,0.22
2017-04-01,2017,4,-0.09
2017-05-01,2017,5,-0.06
2017-06-01,2017,6,1.2
2017-07-01,2017,7,1.43
2017-08-01,2017,8,2.55
2017-09-01,2017,9,4.02
2017-10-01,2017,10,3.28
2017-11-01,2017,11,6.03
2017-12-01,2017,12,7.48
2018-01-01,2018,1,6.88
2018-02-01,2018,2,6.66
2018-03-01,2018,3,5.16
2018-04-01,2018,4,6.9
2018-05-01,2018,5,5.21
2018-06-01,2018,6,3.09
2018-07-01,2018,7,2.58
2018-08-01,2018,8,4.79
2018-09-01,2018,9,5.19
2018-10-01,2018,10,3.07
2018-11-01,2018,11,2.82
2018-12-01,2018,12,1.75
2019-01-01,2019,1,0.98
2019-02-01,2019,2,1.55
2019-03-01,2019,3,1.16
2019-04-01,2019,4,2.06
2019-05-01,2019,5,3.01
2019-06-01,2019,6,3.15
2019-07-01,2019,7,3.66
2019-08-01,2019,8,5.24
2019-09-01,2019,9,5.85
2019-10-01,2019,10,5.29
2019-11-01,2019,11,5.17
2019-12-01,2019,12,6.12
2020-01-01,2020,1,3.11
2020-02-01,2020,2,0.47
2020-03-01,2020,3,-0.53
2020-04-01,2020,4,-1.05
2020-05-01,2020,5,0.44
2020-06-01,2020,6,1.54
2020-07-01,2020,7,1.97
2020-08-01,2020,8,2.31
2020-09-01,2020,9,4.26
2020-10-01,2020,10,4.82
2020-11-01,2020,11,5.03
2020-12-01,2020,12,2.46
2021-01-01,2021,1,-1.09
2021-02-01,2021,2,-2.64
2021-03-01,2021,3,-3.69
2021-04-01,2021,4,-1.22
2021-05-01,2021,5,-2.11
2021-06-01,2021,6,-2.6
2021-07-01,2021,7,-1.38
2021-08-01,2021,8,-0.34
2021-09-01,2021,9,0.55
2021-10-01,2021,10,-0.08
2021-11-01,2021,11,-0.05
2021-12-01,2021,12,2.54
2022-01-01,2022,1,4.46
2022-02-01,2022,2,3.95
2022-03-01,2022,3,0.67
2022-04-01,2022,4,0.19
2022-05-01,2022,5,-0.97
2022-06-01,2022,6,-0.58
2022-07-01,2022,7,-1.11
2022-08-01,2022,8,-0.12
2022-09-01,2022,9,2.25
2022-10-01,2022,10,3.69
2022-11-01,2022,11,2.16
2022-12-01,2022,12,1.47
2023-01-01,2023,1,0.31
2023-02-01,2023,2,-2.85
2023-03-01,2023,3,-4.08
2023-04-01,2023,4,-4.28
2023-05-01,2023,5,-5.09
2023-06-01,2023,6,-5.59
2023-07-01,2023,7,-7.85
2023-08-01,2023,8,-6.17
2023-09-01,2023,9,-5.27
2023-10-01,2023,10,-4.26
2023-11-01,2023,11,-4.0
2023-12-01,2023,12,-3.46
2024-01-01,2024,1,-3.36
2024-02-01,2024,2,-1.89
2024-03-01,2024,3,-1.1
2024-04-01,2024,4,-0.97
2024-05-01,2024,5,0.41
2024-06-01,2024,6,1.12
2024-07-01,2024,7,1.72
2024-08-01,2024,8,2.76
2024-09-01,2024,9,2.68
2024-10-01,2024,10,1.32
2024-11-01,2024,11,0.43
2024-12-01,2024,12,0.44
2025-01-01,2025,1,-1.05
2025-02-01,2025,2,-1.81
2025-03-01,2025,3,-4.26
2025-04-01,2025,4,-2.43
2025-05-01,2025,5,-2.16
2025-06-01,2025,6,-2.36
2025-07-01,2025,7,-3.03
2025-08-01,2025,8,-1.45
2025-09-01,2025,9,0.22
2025-10-01,2025,10,-0.07
2025-11-01,2025,11,-0.3
2025-12-01,2025,12,2.03
2026-01-01,2026,1,2.7
2026-02-01,2026,2,1.92
