date,year,month,qbo_30,qbo_50
1979-01-01,1979,1,1.85,7.38
1979-02-01,1979,2,4.11,8.84
1979-03-01,1979,3,0.87,6.03
1979-04-01,1979,4,-3.58,5.86
1979-05-01,1979,5,-12.91,5.48
1979-06-01,1979,6,-19.61,1.43
1979-07-01,1979,7,-21.28,-5.54
1979-08-01,1979,8,-22.25,-8.78
1979-09-01,1979,9,-22.71,-10.56
1979-10-01,1979,10,-23.33,-11.28
1979-11-01,1979,11,-22.21,-11.08
1979-12-01,1979,12,-17.0,-10.58
1980-01-01,1980,1,-10.12,-8.64
1980-02-01,1980,2,-5.66,-8.84
1980-03-01,1980,3,-2.92,-7.99
1980-04-01,1980,4,2.3,-6.65
1980-05-01,1980,5,6.23,-4.7
1980-06-01,1980,6,7.32,-2.12
1980-07-01,1980,7,8.73,0.74
1980-08-01,1980,8,9.6,2.46
1980-09-01,1980,9,12.65,4.91
1980-10-01,1980,10,13.09,6.77
1980-11-01,1980,11,12.14,8.18
1980-12-01,1980,12,9.72,8.41
1981-01-01,1981,1,8.21,5.57
1981-02-01,1981,2,6.71,4.27
1981-03-01,1981,3,7.5,5.02
1981-04-01,1981,4,8.27,7.27
1981-05-01,1981,5,3.0,7.53
1981-06-01,1981,6,-3.5,4.25
1981-07-01,1981,7,-5.24,1.93
1981-08-01,1981,8,-8.25,-0.05
1981-09-01,1981,9,-8.6,-0.56
1981-10-01,1981,10,-9.54,-0.63
1981-11-01,1981,11,-9.63,-0.62
1981-12-01,1981,12,-12.32,-2.26
1982-01-01,1982,1,-12.53,-2.86
1982-02-01,1982,2,-14.72,-5.49
1982-03-01,1982,3,-16.68,-5.32
1982-04-01,1982,4,-15.56,-5.03
1982-05-01,1982,5,-15.27,-6.54
1982-06-01,1982,6,-15.95,-11.45
1982-07-01,1982,7,-8.97,-14.12
1982-08-01,1982,8,-1.6,-12.07
1982-09-01,1982,9,4.19,-8.06
1982-10-01,1982,10,8.26,-3.02
1982-11-01,1982,11,9.5,2.54
1982-12-01,1982,12,10.34,5.74
1983-01-01,1983,1,10.84,5.68
1983-02-01,1983,2,11.38,5.15
1983-03-01,1983,3,12.16,4.71
1983-04-01,1983,4,13.8,7.31
1983-05-01,1983,5,11.92,10.28
1983-06-01,1983,6,3.11,8.73
1983-07-01,1983,7,-3.4,5.71
1983-08-01,1983,8,-6.54,3.28
1983-09-01,1983,9,-7.76,2.8
1983-10-01,1983,10,-10.13,2.52
1983-11-01,1983,11,-10.3,1.96
1983-12-01,1983,12,-11.43,0.15
1984-01-01,1984,1,-10.66,-0.92
1984-02-01,1984,2,-11.35,-1.57
1984-03-01,1984,3,-12.99,-1.69
1984-04-01,1984,4,-14.59,-0.04
1984-05-01,1984,5,-15.06,-1.87
1984-06-01,1984,6,-17.98,-6.62
1984-07-01,1984,7,-25.4,-12.4
1984-08-01,1984,8,-27.91,-14.65
1984-09-01,1984,9,-25.45,-14.67
1984-10-01,1984,10,-21.6,-13.96
1984-11-01,1984,11,-13.2,-12.61
1984-12-01,1984,12,-8.17,-9.98
1985-01-01,1985,1,-0.38,-8.0
1985-02-01,1985,2,4.16,-6.54
1985-03-01,1985,3,6.35,-4.73
1985-04-01,1985,4,11.1,0.68
1985-05-01,1985,5,13.55,4.85
1985-06-01,1985,6,13.88,5.71
1985-07-01,1985,7,11.09,5.07
1985-08-01,1985,8,11.07,5.68
1985-09-01,1985,9,11.7,6.6
1985-10-01,1985,10,11.83,8.18
1985-11-01,1985,11,11.62,8.03
1985-12-01,1985,12,9.87,6.58
1986-01-01,1986,1,8.73,5.78
1986-02-01,1986,2,10.14,6.14
1986-03-01,1986,3,11.95,8.33
1986-04-01,1986,4,9.1,8.87
1986-05-01,1986,5,3.55,9.29
1986-06-01,1986,6,-2.17,8.12
1986-07-01,1986,7,-5.26,3.26
1986-08-01,1986,8,-9.61,0.42
1986-09-01,1986,9,-10.22,0.43
1986-10-01,1986,10,-9.61,2.64
1986-11-01,1986,11,-8.02,1.73
1986-12-01,1986,12,-10.52,-0.1
1987-01-01,1987,1,-9.94,0.0
1987-02-01,1987,2,-11.38,-0.54
1987-03-01,1987,3,-14.24,-1.95
1987-04-01,1987,4,-16.21,-3.68
1987-05-01,1987,5,-20.06,-7.22
1987-06-01,1987,6,-21.48,-10.54
1987-07-01,1987,7,-13.97,-14.72
1987-08-01,1987,8,-0.61,-13.43
1987-09-01,1987,9,5.86,-7.96
1987-10-01,1987,10,9.34,-1.19
1987-11-01,1987,11,9.22,3.67
1987-12-01,1987,12,8.4,3.47
1988-01-01,1988,1,7.8,3.8
1988-02-01,1988,2,6.16,4.05
1988-03-01,1988,3,5.85,3.47
1988-04-01,1988,4,6.58,5.54
1988-05-01,1988,5,5.45,7.16
1988-06-01,1988,6,0.41,7.12
1988-07-01,1988,7,-3.97,4.83
1988-08-01,1988,8,-2.59,3.39
1988-09-01,1988,9,-2.31,4.05
1988-10-01,1988,10,-1.54,4.52
1988-11-01,1988,11,-0.85,4.77
1988-12-01,1988,12,-2.44,3.27
1989-01-01,1989,1,-2.88,3.59
1989-02-01,1989,2,-3.57,2.14
1989-03-01,1989,3,-1.64,2.43
1989-04-01,1989,4,-1.94,5.63
1989-05-01,1989,5,-5.47,4.45
1989-06-01,1989,6,-9.39,0.32
1989-07-01,1989,7,-13.87,-3.73
1989-08-01,1989,8,-16.99,-5.76
1989-09-01,1989,9,-18.84,-7.3
1989-10-01,1989,10,-21.31,-8.02
1989-11-01,1989,11,-19.02,-8.02
1989-12-01,1989,12,-13.55,-8.44
1990-01-01,1990,1,-8.72,-7.65
1990-02-01,1990,2,-6.75,-7.33
1990-03-01,1990,3,0.94,-7.25
1990-04-01,1990,4,5.71,-5.86
1990-05-01,1990,5,11.45,-0.82
1990-06-01,1990,6,12.89,2.94
1990-07-01,1990,7,12.53,4.76
1990-08-01,1990,8,12.62,5.86
1990-09-01,1990,9,13.2,5.77
1990-10-01,1990,10,12.38,7.63
1990-11-01,1990,11,11.54,9.04
1990-12-01,1990,12,10.67,8.96
1991-01-01,1991,1,8.7,6.9
1991-02-01,1991,2,8.43,5.78
1991-03-01,1991,3,8.99,6.41
1991-04-01,1991,4,10.68,7.14
1991-05-01,1991,5,3.81,7.65
1991-06-01,1991,6,-3.35,4.27
1991-07-01,1991,7,-10.37,-0.31
1991-08-01,1991,8,-14.7,-3.53
1991-09-01,1991,9,-13.97,-2.58
1991-10-01,1991,10,-12.22,-0.98
1991-11-01,1991,11,-12.28,-0.98
1991-12-01,1991,12,-12.69,-1.94
1992-01-01,1992,1,-13.97,-2.05
1992-02-01,1992,2,-14.34,-1.82
1992-03-01,1992,3,-16.85,-3.14
1992-04-01,1992,4,-17.8,-3.67
1992-05-01,1992,5,-15.97,-4.79
1992-06-01,1992,6,-15.35,-9.21
1992-07-01,1992,7,-12.06,-13.35
1992-08-01,1992,8,-4.76,-14.2
1992-09-01,1992,9,1.29,-11.46
1992-10-01,1992,10,3.93,-8.0
1992-11-01,1992,11,6.32,-5.52
1992-12-01,1992,12,8.18,-1.33
1993-01-01,1993,1,9.62,3.62
1993-02-01,1993,2,10.79,4.46
1993-03-01,1993,3,11.35,4.64
1993-04-01,1993,4,12.59,7.58
1993-05-01,1993,5,13.55,10.78
1993-06-01,1993,6,6.54,9.56
1993-07-01,1993,7,0.37,6.4
1993-08-01,1993,8,-1.21,3.99
1993-09-01,1993,9,-1.15,4.69
1993-10-01,1993,10,-4.05,4.6
1993-11-01,1993,11,-5.77,3.75
1993-12-01,1993,12,-6.01,2.86
1994-01-01,1994,1,-7.65,1.84
1994-02-01,1994,2,-9.85,0.62
1994-03-01,1994,3,-11.31,1.18
1994-04-01,1994,4,-14.72,0.17
1994-05-01,1994,5,-18.04,-3.14
1994-06-01,1994,6,-23.09,-10.59
1994-07-01,1994,7,-28.66,-15.51
1994-08-01,1994,8,-27.03,-16.93
1994-09-01,1994,9,-19.08,-17.89
1994-10-01,1994,10,-10.3,-14.8
1994-11-01,1994,11,-0.31,-9.1
1994-12-01,1994,12,5.92,-3.79
1995-01-01,1995,1,8.37,0.02
1995-02-01,1995,2,8.0,1.69
1995-03-01,1995,3,8.78,2.77
1995-04-01,1995,4,11.78,5.48
1995-05-01,1995,5,14.91,8.26
1995-06-01,1995,6,15.61,8.96
1995-07-01,1995,7,11.73,8.6
1995-08-01,1995,8,9.5,7.53
1995-09-01,1995,9,6.97,5.48
1995-10-01,1995,10,3.42,5.82
1995-11-01,1995,11,-0.86,4.74
1995-12-01,1995,12,-4.65,2.7
1996-01-01,1996,1,-5.8,2.52
1996-02-01,1996,2,-6.91,2.69
1996-03-01,1996,3,-9.94,1.89
1996-04-01,1996,4,-11.09,3.05
1996-05-01,1996,5,-14.89,-0.74
1996-06-01,1996,6,-17.04,-5.87
1996-07-01,1996,7,-23.94,-10.66
1996-08-01,1996,8,-25.86,-13.0
1996-09-01,1996,9,-26.03,-12.94
1996-10-01,1996,10,-23.41,-12.9
1996-11-01,1996,11,-18.09,-11.88
1996-12-01,1996,12,-9.87,-9.27
1997-01-01,1997,1,-3.59,-8.51
1997-02-01,1997,2,1.93,-6.4
1997-03-01,1997,3,4.49,-6.38
1997-04-01,1997,4,9.2,-1.36
1997-05-01,1997,5,12.5,3.92
1997-06-01,1997,6,14.67,7.35
1997-07-01,1997,7,14.57,8.69
1997-08-01,1997,8,11.36,7.86
1997-09-01,1997,9,12.0,8.88
1997-10-01,1997,10,11.39,8.55
1997-11-01,1997,11,8.22,8.64
1997-12-01,1997,12,3.04,7.51
1998-01-01,1998,1,0.74,5.13
1998-02-01,1998,2,-2.88,4.07
1998-03-01,1998,3,-4.99,3.85
1998-04-01,1998,4,-7.16,4.68
1998-05-01,1998,5,-12.56,-0.12
1998-06-01,1998,6,-17.61,-8.06
1998-07-01,1998,7,-22.62,-12.57
1998-08-01,1998,8,-23.96,-13.77
1998-09-01,1998,9,-20.99,-14.26
1998-10-01,1998,10,-18.24,-14.4
1998-11-01,1998,11,-13.29,-10.65
1998-12-01,1998,12,-5.16,-7.32
1999-01-01,1999,1,1.4,-4.04
1999-02-01,1999,2,3.97,-3.25
1999-03-01,1999,3,6.79,-0.64
1999-04-01,1999,4,12.14,2.85
1999-05-01,1999,5,15.05,7.04
1999-06-01,1999,6,15.18,8.72
1999-07-01,1999,7,13.42,8.33
1999-08-01,1999,8,12.26,7.13
1999-09-01,1999,9,11.29,7.39
1999-10-01,1999,10,9.43,8.13
1999-11-01,1999,11,6.54,7.66
1999-12-01,1999,12,5.82,7.97
2000-01-01,2000,1,4.62,7.53
2000-02-01,2000,2,4.48,6.96
2000-03-01,2000,3,5.72,8.12
2000-04-01,2000,4,5.17,11.13
2000-05-01,2000,5,-0.3,12.44
2000-06-01,2000,6,-7.26,7.02
2000-07-01,2000,7,-13.25,1.83
2000-08-01,2000,8,-15.35,0.05
2000-09-01,2000,9,-15.49,-0.06
2000-10-01,2000,10,-14.21,0.69
2000-11-01,2000,11,-14.57,-0.5
2000-12-01,2000,12,-13.6,-0.72
2001-01-01,2001,1,-15.02,-1.88
2001-02-01,2001,2,-14.84,-2.3
2001-03-01,2001,3,-16.22,-2.31
2001-04-01,2001,4,-17.29,-0.39
2001-05-01,2001,5,-20.44,-1.28
2001-06-01,2001,6,-23.01,-6.18
2001-07-01,2001,7,-24.54,-10.67
2001-08-01,2001,8,-21.68,-15.54
2001-09-01,2001,9,-14.31,-15.11
2001-10-01,2001,10,-10.83,-13.05
2001-11-01,2001,11,-3.89,-11.39
2001-12-01,2001,12,1.47,-8.58
2002-01-01,2002,1,4.63,-5.24
2002-02-01,2002,2,7.99,-2.92
2002-03-01,2002,3,9.31,0.52
2002-04-01,2002,4,14.02,6.05
2002-05-01,2002,5,14.15,9.36
2002-06-01,2002,6,13.25,9.4
2002-07-01,2002,7,10.05,6.99
2002-08-01,2002,8,10.59,7.59
2002-09-01,2002,9,8.89,8.14
2002-10-01,2002,10,7.66,8.39
2002-11-01,2002,11,4.45,8.03
2002-12-01,2002,12,-0.51,5.98
2003-01-01,2003,1,-1.4,4.79
2003-02-01,2003,2,-1.45,5.32
2003-03-01,2003,3,-3.31,5.11
2003-04-01,2003,4,-8.57,3.81
2003-05-01,2003,5,-13.93,1.01
2003-06-01,2003,6,-17.72,-2.28
2003-07-01,2003,7,-23.0,-5.89
2003-08-01,2003,8,-24.65,-7.89
2003-09-01,2003,9,-22.52,-8.78
2003-10-01,2003,10,-20.35,-8.68
2003-11-01,2003,11,-17.87,-9.78
2003-12-01,2003,12,-11.39,-9.11
2004-01-01,2004,1,-4.84,-7.0
2004-02-01,2004,2,2.6,-4.89
2004-03-01,2004,3,5.45,-3.69
2004-04-01,2004,4,10.45,1.34
2004-05-01,2004,5,12.96,5.88
2004-06-01,2004,6,11.75,7.65
2004-07-01,2004,7,9.95,7.84
2004-08-01,2004,8,8.81,7.98
2004-09-01,2004,9,7.21,6.22
2004-10-01,2004,10,7.83,8.1
2004-11-01,2004,11,4.4,8.11
2004-12-01,2004,12,2.26,7.88
2005-01-01,2005,1,-0.46,6.23
2005-02-01,2005,2,-0.88,6.15
2005-03-01,2005,3,-0.34,7.47
2005-04-01,2005,4,-6.65,6.51
2005-05-01,2005,5,-15.1,2.98
2005-06-01,2005,6,-20.6,-2.43
2005-07-01,2005,7,-24.21,-8.14
2005-08-01,2005,8,-25.87,-10.2
2005-09-01,2005,9,-27.81,-11.39
2005-10-01,2005,10,-28.77,-12.29
2005-11-01,2005,11,-29.55,-12.18
2005-12-01,2005,12,-25.05,-12.42
2006-01-01,2006,1,-18.84,-13.22
2006-02-01,2006,2,-11.25,-12.13
2006-03-01,2006,3,-0.39,-10.18
2006-04-01,2006,4,5.0,-8.13
2006-05-01,2006,5,10.35,-3.45
2006-06-01,2006,6,11.46,2.35
2006-07-01,2006,7,10.75,5.11
2006-08-01,2006,8,10.75,5.11
2006-09-01,2006,9,10.19,8.74
2006-10-01,2006,10,10.86,10.01
2006-11-01,2006,11,10.09,10.75
2006-12-01,2006,12,6.2,9.43
2007-01-01,2007,1,2.6,7.23
2007-02-01,2007,2,2.42,7.22
2007-03-01,2007,3,1.24,8.43
2007-04-01,2007,4,-5.19,8.27
2007-05-01,2007,5,-14.07,5.52
2007-06-01,2007,6,-21.34,-1.91
2007-07-01,2007,7,-24.93,-8.76
2007-08-01,2007,8,-27.42,-11.57
2007-09-01,2007,9,-28.15,-11.57
2007-10-01,2007,10,-29.06,-11.53
2007-11-01,2007,11,-27.61,-12.52
2007-12-01,2007,12,-19.49,-13.96
2008-01-01,2008,1,-12.43,-14.94
2008-02-01,2008,2,-4.71,-12.65
2008-03-01,2008,3,2.18,-9.84
2008-04-01,2008,4,6.42,-6.67
2008-05-01,2008,5,11.52,-1.79
2008-06-01,2008,6,13.45,4.45
2008-07-01,2008,7,13.26,7.49
2008-08-01,2008,8,11.62,7.23
2008-09-01,2008,9,11.59,6.65
2008-10-01,2008,10,11.04,7.3
2008-11-01,2008,11,9.12,6.91
2008-12-01,2008,12,10.46,7.73
2009-01-01,2009,1,10.71,8.35
2009-02-01,2009,2,12.33,8.19
2009-03-01,2009,3,11.44,7.07
2009-04-01,2009,4,9.1,9.74
2009-05-01,2009,5,1.55,11.34
2009-06-01,2009,6,-5.48,9.13
2009-07-01,2009,7,-12.21,4.0
2009-08-01,2009,8,-14.46,2.84
2009-09-01,2009,9,-13.82,3.69
2009-10-01,2009,10,-11.7,4.49
2009-11-01,2009,11,-13.83,3.51
2009-12-01,2009,12,-15.57,1.44
2010-01-01,2010,1,-16.02,1.74
2010-02-01,2010,2,-16.98,0.78
2010-03-01,2010,3,-19.68,-0.34
2010-04-01,2010,4,-23.57,-6.57
2010-05-01,2010,5,-26.28,-12.68
2010-06-01,2010,6,-25.05,-17.59
2010-07-01,2010,7,-9.85,-18.32
2010-08-01,2010,8,1.44,-12.51
2010-09-01,2010,9,6.57,-4.3
2010-10-01,2010,10,10.83,4.07
2010-11-01,2010,11,12.16,8.58
2010-12-01,2010,12,10.96,8.51
2011-01-01,2011,1,9.18,6.0
2011-02-01,2011,2,10.05,6.02
2011-03-01,2011,3,10.44,6.31
2011-04-01,2011,4,10.71,6.25
2011-05-01,2011,5,10.02,8.24
2011-06-01,2011,6,3.9,9.3
2011-07-01,2011,7,0.44,9.35
2011-08-01,2011,8,-0.49,9.06
2011-09-01,2011,9,-2.3,10.0
2011-10-01,2011,10,-3.05,11.46
2011-11-01,2011,11,-9.09,8.5
2011-12-01,2011,12,-16.25,2.4
2012-01-01,2012,1,-16.09,0.27
2012-02-01,2012,2,-15.26,-0.56
2012-03-01,2012,3,-16.75,-0.83
2012-04-01,2012,4,-17.63,-0.32
2012-05-01,2012,5,-22.06,-1.04
2012-06-01,2012,6,-25.9,-4.25
2012-07-01,2012,7,-27.84,-8.11
2012-08-01,2012,8,-27.94,-9.76
2012-09-01,2012,9,-26.61,-11.42
2012-10-01,2012,10,-24.51,-10.51
2012-11-01,2012,11,-18.95,-10.65
2012-12-01,2012,12,-10.03,-11.7
2013-01-01,2013,1,-6.07,-9.65
2013-02-01,2013,2,-1.24,-8.66
2013-03-01,2013,3,2.85,-8.32
2013-04-01,2013,4,8.39,-5.71
2013-05-01,2013,5,12.64,-3.6
2013-06-01,2013,6,13.38,1.99
2013-07-01,2013,7,14.28,5.77
2013-08-01,2013,8,14.66,7.02
2013-09-01,2013,9,13.12,7.64
2013-10-01,2013,10,11.69,8.7
2013-11-01,2013,11,12.45,9.74
2013-12-01,2013,12,12.55,9.95
2014-01-01,2014,1,13.13,9.71
2014-02-01,2014,2,12.68,10.0
2014-03-01,2014,3,11.71,9.2
2014-04-01,2014,4,7.14,9.72
2014-05-01,2014,5,-2.81,10.09
2014-06-01,2014,6,-13.98,4.96
2014-07-01,2014,7,-19.28,0.5
2014-08-01,2014,8,-21.65,-0.15
2014-09-01,2014,9,-23.24,-1.03
2014-10-01,2014,10,-23.86,-2.32
2014-11-01,2014,11,-23.65,-5.24
2014-12-01,2014,12,-25.35,-8.61
2015-01-01,2015,1,-26.7,-9.95
2015-02-01,2015,2,-28.62,-10.6
2015-03-01,2015,3,-28.15,-11.21
2015-04-01,2015,4,-24.38,-13.27
2015-05-01,2015,5,-12.34,-16.25
2015-06-01,2015,6,2.18,-12.43
2015-07-01,2015,7,7.45,-6.13
2015-08-01,2015,8,10.96,0.58
2015-09-01,2015,9,12.07,5.83
2015-10-01,2015,10,13.38,9.14
2015-11-01,2015,11,12.79,9.32
2015-12-01,2015,12,11.39,7.61
2016-01-01,2016,1,9.34,5.76
2016-02-01,2016,2,6.77,3.92
2016-03-01,2016,3,3.16,2.4
2016-04-01,2016,4,0.64,-1.83
2016-05-01,2016,5,2.37,-5.1
2016-06-01,2016,6,3.86,-7.64
2016-07-01,2016,7,6.25,-7.83
2016-08-01,2016,8,10.07,-3.6
2016-09-01,2016,9,10.48,0.21
2016-10-01,2016,10,12.83,4.53
2016-11-01,2016,11,14.16,7.11
2016-12-01,2016,12,15.09,8.7
2017-01-01,2017,1,14.92,9.66
2017-02-01,2017,2,14.78,9.9
2017-03-01,2017,3,14.35,9.8
2017-04-01,2017,4,13.88,10.72
2017-05-01,2017,5,8.01,11.68
2017-06-01,2017,6,-3.18,8.77
2017-07-01,2017,7,-10.48,5.08
2017-08-01,2017,8,-14.42,2.58
2017-09-01,2017,9,-15.28,1.89
2017-10-01,2017,10,-16.79,1.72
2017-11-01,2017,11,-17.2,1.26
2017-12-01,2017,12,-18.12,0.29
2018-01-01,2018,1,-19.02,-0.3
2018-02-01,2018,2,-19.37,-1.1
2018-03-01,2018,3,-19.77,-0.17
2018-04-01,2018,4,-21.41,-1.17
2018-05-01,2018,5,-24.23,-6.23
2018-06-01,2018,6,-28.45,-11.97
2018-07-01,2018,7,-29.1,-16.32
2018-08-01,2018,8,-20.41,-18.07
2018-09-01,2018,9,-9.91,-18.67
2018-10-01,2018,10,-2.79,-14.35
2018-11-01,2018,11,3.36,-9.67
2018-12-01,2018,12,8.05,-5.32
2019-01-01,2019,1,9.02,-3.28
2019-02-01,2019,2,9.25,-2.07
2019-03-01,2019,3,11.82,2.44
2019-04-01,2019,4,13.36,6.28
2019-05-01,2019,5,14.59,10.04
2019-06-01,2019,6,14.36,10.32
2019-07-01,2019,7,10.96,7.28
2019-08-01,2019,8,9.97,6.44
2019-09-01,2019,9,8.25,4.54
2019-10-01,2019,10,7.27,5.0
2019-11-01,2019,11,5.07,4.19
2019-12-01,2019,12,1.66,4.72
2020-01-01,2020,1,-2.51,1.89
2020-02-01,2020,2,-3.2,-0.96
2020-03-01,2020,3,-4.36,-2.16
2020-04-01,2020,4,-5.03,-5.54
2020-05-01,2020,5,-4.86,-9.06
2020-06-01,2020,6,-2.78,-9.71
2020-07-01,2020,7,0.34,-8.12
2020-08-01,2020,8,4.78,-4.07
2020-09-01,2020,9,7.95,2.28
2020-10-01,2020,10,10.8,6.94
2020-11-01,2020,11,11.15,8.09
2020-12-01,2020,12,10.37,8.36
2021-01-01,2021,1,10.19,7.25
2021-02-01,2021,2,8.92,6.25
2021-03-01,2021,3,9.75,7.53
2021-04-01,2021,4,5.25,8.26
2021-05-01,2021,5,0.31,9.41
2021-06-01,2021,6,-6.93,6.4
2021-07-01,2021,7,-13.17,2.82
2021-08-01,2021,8,-13.82,0.71
2021-09-01,2021,9,-16.56,1.22
2021-10-01,2021,10,-19.14,0.59
2021-11-01,2021,11,-19.78,-0.63
2021-12-01,2021,12,-21.58,-3.23
2022-01-01,2022,1,-23.01,-6.07
2022-02-01,2022,2,-25.19,-6.6
2022-03-01,2022,3,-26.34,-5.18
2022-04-01,2022,4,-26.2,-7.23
2022-05-01,2022,5,-19.7,-12.39
2022-06-01,2022,6,-3.78,-13.36
2022-07-01,2022,7,3.04,-12.16
2022-08-01,2022,8,7.87,-6.87
2022-09-01,2022,9,9.8,-0.52
2022-10-01,2022,10,10.93,5.13
2022-11-01,2022,11,12.45,7.86
2022-12-01,2022,12,11.7,8.12
2023-01-01,2023,1,12.5,8.05
2023-02-01,2023,2,9.8,7.0
2023-03-01,2023,3,10.93,7.7
2023-04-01,2023,4,12.89,11.1
2023-05-01,2023,5,9.26,12.48
2023-06-01,2023,6,0.72,11.39
2023-07-01,2023,7,-5.96,5.96
2023-08-01,2023,8,-9.88,2.67
2023-09-01,2023,9,-13.58,1.12
2023-10-01,2023,10,-16.98,1.6
2023-11-01,2023,11,-19.8,-0.38
2023-12-01,2023,12,-22.69,-6.82
2024-01-01,2024,1,-24.56,-9.1
2024-02-01,2024,2,-25.54,-11.01
2024-03-01,2024,3,-28.56,-11.07
2024-04-01,2024,4,-23.42,-14.35
2024-05-01,2024,5,-6.52,-13.15
2024-06-01,2024,6,1.95,-11.32
2024-07-01,2024,7,6.91,-7.02
2024-08-01,2024,8,8.61,-1.35
2024-09-01,2024,9,10.36,4.93
2024-10-01,2024,10,11.64,9.54
2024-11-01,2024,11,13.78,12.17
2024-12-01,2024,12,12.7,11.7
2025-01-01,2025,1,12.11,10.48
2025-02-01,2025,2,10.55,10.45
2025-03-01,2025,3,11.82,11.51
2025-04-01,2025,4,6.94,12.27
2025-05-01,2025,5,-4.59,10.78
2025-06-01,2025,6,-13.72,2.88
2025-07-01,2025,7,-19.99,-2.06
2025-08-01,2025,8,-22.28,-5.26
2025-09-01,2025,9,-24.26,-5.89
2025-10-01,2025,10,-24.65,-6.83
2025-11-01,2025,11,-25.35,-7.93
2025-12-01,2025,12,-26.92,-8.35
2026-01-01,2026,1,-25.51,-9.89
2026-02-01,2026,2,-23.04,-10.6
2026-03-01,2026,3,-17.38,-10.23
2026-04-01,2026,4,-9.32,-8.58
2026-05-01,2026,5,-2.22,-7.92
2026-06-01,2026,6,4.51,-7.86
2026-07-01,2026,7,8.52,-6.88
2026-08-01,2026,8,11.27,-0.32
