date,season,year,roni
1950-01-01,DJF,1950,-1.19
1950-02-01,JFM,1950,-1.08
1950-03-01,FMA,1950,-0.96
1950-04-01,MAM,1950,-1.0
1950-05-01,AMJ,1950,-0.99
1950-06-01,MJJ,1950,-0.75
1950-07-01,JJA,1950,-0.38
1950-08-01,JAS,1950,-0.32
1950-09-01,ASO,1950,-0.29
1950-10-01,SON,1950,-0.38
1950-11-01,OND,1950,-0.36
1950-12-01,NDJ,1950,-0.5
1951-01-01,DJF,1951,-0.28
1951-02-01,JFM,1951,0.09
1951-03-01,FMA,1951,0.48
1951-04-01,MAM,1951,0.63
1951-05-01,AMJ,1951,0.59
1951-06-01,MJJ,1951,0.69
1951-07-01,JJA,1951,0.79
1951-08-01,JAS,1951,0.97
1951-09-01,ASO,1951,1.04
1951-10-01,SON,1951,0.98
1951-11-01,OND,1951,0.94
1951-12-01,NDJ,1951,0.71
1952-01-01,DJF,1952,0.65
1952-02-01,JFM,1952,0.33
1952-03-01,FMA,1952,0.46
1952-04-01,MAM,1952,0.24
1952-05-01,AMJ,1952,-0.03
1952-06-01,MJJ,1952,-0.45
1952-07-01,JJA,1952,-0.41
1952-08-01,JAS,1952,-0.14
1952-09-01,ASO,1952,0.08
1952-10-01,SON,1952,0.04
1952-11-01,OND,1952,-0.1
1952-12-01,NDJ,1952,0.1
1953-01-01,DJF,1953,0.4
1953-02-01,JFM,1953,0.67
1953-03-01,FMA,1953,0.68
1953-04-01,MAM,1953,0.72
1953-05-01,AMJ,1953,0.94
1953-06-01,MJJ,1953,0.84
1953-07-01,JJA,1953,0.68
1953-08-01,JAS,1953,0.73
1953-09-01,ASO,1953,0.65
1953-10-01,SON,1953,0.84
1953-11-01,OND,1953,0.57
1953-12-01,NDJ,1953,0.66
1954-01-01,DJF,1954,0.63
1954-02-01,JFM,1954,0.63
1954-03-01,FMA,1954,0.31
1954-04-01,MAM,1954,-0.02
1954-05-01,AMJ,1954,-0.24
1954-06-01,MJJ,1954,-0.21
1954-07-01,JJA,1954,-0.45
1954-08-01,JAS,1954,-0.62
1954-09-01,ASO,1954,-0.54
1954-10-01,SON,1954,-0.31
1954-11-01,OND,1954,-0.09
1954-12-01,NDJ,1954,-0.18
1955-01-01,DJF,1955,-0.12
1955-02-01,JFM,1955,-0.14
1955-03-01,FMA,1955,-0.13
1955-04-01,MAM,1955,-0.38
1955-05-01,AMJ,1955,-0.36
1955-06-01,MJJ,1955,-0.52
1955-07-01,JJA,1955,-0.4
1955-08-01,JAS,1955,-0.7
1955-09-01,ASO,1955,-0.9
1955-10-01,SON,1955,-1.31
1955-11-01,OND,1955,-1.4
1955-12-01,NDJ,1955,-1.31
1956-01-01,DJF,1956,-0.81
1956-02-01,JFM,1956,-0.4
1956-03-01,FMA,1956,-0.12
1956-04-01,MAM,1956,-0.09
1956-05-01,AMJ,1956,-0.03
1956-06-01,MJJ,1956,-0.01
1956-07-01,JJA,1956,-0.15
1956-08-01,JAS,1956,-0.18
1956-09-01,ASO,1956,-0.12
1956-10-01,SON,1956,-0.14
1956-11-01,OND,1956,-0.14
1956-12-01,NDJ,1956,-0.17
1957-01-01,DJF,1957,0.0
1957-02-01,JFM,1957,0.22
1957-03-01,FMA,1957,0.53
1957-04-01,MAM,1957,0.83
1957-05-01,AMJ,1957,0.88
1957-06-01,MJJ,1957,0.9
1957-07-01,JJA,1957,1.03
1957-08-01,JAS,1957,1.05
1957-09-01,ASO,1957,1.14
1957-10-01,SON,1957,1.16
1957-11-01,OND,1957,1.45
1957-12-01,NDJ,1957,1.75
1958-01-01,DJF,1958,1.89
1958-02-01,JFM,1958,1.79
1958-03-01,FMA,1958,1.31
1958-04-01,MAM,1958,0.95
1958-05-01,AMJ,1958,0.66
1958-06-01,MJJ,1958,0.56
1958-07-01,JJA,1958,0.45
1958-08-01,JAS,1958,0.26
1958-09-01,ASO,1958,0.23
1958-10-01,SON,1958,0.24
1958-11-01,OND,1958,0.36
1958-12-01,NDJ,1958,0.64
1959-01-01,DJF,1959,0.77
1959-02-01,JFM,1959,0.83
1959-03-01,FMA,1959,0.64
1959-04-01,MAM,1959,0.48
1959-05-01,AMJ,1959,0.33
1959-06-01,MJJ,1959,0.09
1959-07-01,JJA,1959,-0.11
1959-08-01,JAS,1959,-0.23
1959-09-01,ASO,1959,-0.07
1959-10-01,SON,1959,0.04
1959-11-01,OND,1959,0.24
1959-12-01,NDJ,1959,0.22
1960-01-01,DJF,1960,0.2
1960-02-01,JFM,1960,0.19
1960-03-01,FMA,1960,0.21
1960-04-01,MAM,1960,0.25
1960-05-01,AMJ,1960,0.16
1960-06-01,MJJ,1960,0.06
1960-07-01,JJA,1960,0.12
1960-08-01,JAS,1960,0.2
1960-09-01,ASO,1960,0.26
1960-10-01,SON,1960,0.08
1960-11-01,OND,1960,-0.07
1960-12-01,NDJ,1960,-0.09
1961-01-01,DJF,1961,0.03
1961-02-01,JFM,1961,0.08
1961-03-01,FMA,1961,0.03
1961-04-01,MAM,1961,0.06
1961-05-01,AMJ,1961,0.24
1961-06-01,MJJ,1961,0.3
1961-07-01,JJA,1961,0.2
1961-08-01,JAS,1961,-0.07
1961-09-01,ASO,1961,-0.23
1961-10-01,SON,1961,-0.16
1961-11-01,OND,1961,-0.06
1961-12-01,NDJ,1961,0.02
1962-01-01,DJF,1962,-0.01
1962-02-01,JFM,1962,-0.01
1962-03-01,FMA,1962,0.0
1962-04-01,MAM,1962,-0.16
1962-05-01,AMJ,1962,-0.17
1962-06-01,MJJ,1962,-0.14
1962-07-01,JJA,1962,0.01
1962-08-01,JAS,1962,-0.1
1962-09-01,ASO,1962,-0.15
1962-10-01,SON,1962,-0.3
1962-11-01,OND,1962,-0.29
1962-12-01,NDJ,1962,-0.37
1963-01-01,DJF,1963,-0.29
1963-02-01,JFM,1963,-0.12
1963-03-01,FMA,1963,0.04
1963-04-01,MAM,1963,0.06
1963-05-01,AMJ,1963,0.01
1963-06-01,MJJ,1963,0.37
1963-07-01,JJA,1963,0.73
1963-08-01,JAS,1963,1.08
1963-09-01,ASO,1963,1.07
1963-10-01,SON,1963,1.06
1963-11-01,OND,1963,1.11
1963-12-01,NDJ,1963,1.07
1964-01-01,DJF,1964,1.0
1964-02-01,JFM,1964,0.6
1964-03-01,FMA,1964,0.1
1964-04-01,MAM,1964,-0.37
1964-05-01,AMJ,1964,-0.66
1964-06-01,MJJ,1964,-0.66
1964-07-01,JJA,1964,-0.59
1964-08-01,JAS,1964,-0.55
1964-09-01,ASO,1964,-0.53
1964-10-01,SON,1964,-0.64
1964-11-01,OND,1964,-0.58
1964-12-01,NDJ,1964,-0.48
1965-01-01,DJF,1965,-0.16
1965-02-01,JFM,1965,0.1
1965-03-01,FMA,1965,0.22
1965-04-01,MAM,1965,0.36
1965-05-01,AMJ,1965,0.64
1965-06-01,MJJ,1965,1.01
1965-07-01,JJA,1965,1.33
1965-08-01,JAS,1965,1.49
1965-09-01,ASO,1965,1.76
1965-10-01,SON,1965,1.86
1965-11-01,OND,1965,1.99
1965-12-01,NDJ,1965,1.81
1966-01-01,DJF,1966,1.53
1966-02-01,JFM,1966,1.29
1966-03-01,FMA,1966,1.04
1966-04-01,MAM,1966,0.59
1966-05-01,AMJ,1966,0.31
1966-06-01,MJJ,1966,0.22
1966-07-01,JJA,1966,0.32
1966-08-01,JAS,1966,0.19
1966-09-01,ASO,1966,0.0
1966-10-01,SON,1966,-0.03
1966-11-01,OND,1966,-0.12
1966-12-01,NDJ,1966,-0.22
1967-01-01,DJF,1967,-0.26
1967-02-01,JFM,1967,-0.24
1967-03-01,FMA,1967,-0.35
1967-04-01,MAM,1967,-0.31
1967-05-01,AMJ,1967,-0.09
1967-06-01,MJJ,1967,0.21
1967-07-01,JJA,1967,0.25
1967-08-01,JAS,1967,-0.01
1967-09-01,ASO,1967,-0.11
1967-10-01,SON,1967,-0.08
1967-11-01,OND,1967,0.01
1967-12-01,NDJ,1967,-0.03
1968-01-01,DJF,1968,-0.23
1968-02-01,JFM,1968,-0.36
1968-03-01,FMA,1968,-0.32
1968-04-01,MAM,1968,-0.26
1968-05-01,AMJ,1968,0.07
1968-06-01,MJJ,1968,0.32
1968-07-01,JJA,1968,0.56
1968-08-01,JAS,1968,0.46
1968-09-01,ASO,1968,0.39
1968-10-01,SON,1968,0.56
1968-11-01,OND,1968,0.74
1968-12-01,NDJ,1968,1.02
1969-01-01,DJF,1969,1.07
1969-02-01,JFM,1969,1.0
1969-03-01,FMA,1969,0.67
1969-04-01,MAM,1969,0.44
1969-05-01,AMJ,1969,0.37
1969-06-01,MJJ,1969,0.3
1969-07-01,JJA,1969,0.28
1969-08-01,JAS,1969,0.34
1969-09-01,ASO,1969,0.57
1969-10-01,SON,1969,0.67
1969-11-01,OND,1969,0.81
1969-12-01,NDJ,1969,0.68
1970-01-01,DJF,1970,0.46
1970-02-01,JFM,1970,0.21
1970-03-01,FMA,1970,0.24
1970-04-01,MAM,1970,0.24
1970-05-01,AMJ,1970,0.12
1970-06-01,MJJ,1970,-0.23
1970-07-01,JJA,1970,-0.47
1970-08-01,JAS,1970,-0.64
1970-09-01,ASO,1970,-0.55
1970-10-01,SON,1970,-0.57
1970-11-01,OND,1970,-0.55
1970-12-01,NDJ,1970,-0.85
1971-01-01,DJF,1971,-0.95
1971-02-01,JFM,1971,-1.0
1971-03-01,FMA,1971,-0.78
1971-04-01,MAM,1971,-0.57
1971-05-01,AMJ,1971,-0.48
1971-06-01,MJJ,1971,-0.37
1971-07-01,JJA,1971,-0.3
1971-08-01,JAS,1971,-0.25
1971-09-01,ASO,1971,-0.3
1971-10-01,SON,1971,-0.4
1971-11-01,OND,1971,-0.41
1971-12-01,NDJ,1971,-0.38
1972-01-01,DJF,1972,-0.21
1972-02-01,JFM,1972,0.03
1972-03-01,FMA,1972,0.32
1972-04-01,MAM,1972,0.51
1972-05-01,AMJ,1972,0.66
1972-06-01,MJJ,1972,0.87
1972-07-01,JJA,1972,1.14
1972-08-01,JAS,1972,1.4
1972-09-01,ASO,1972,1.64
1972-10-01,SON,1972,1.82
1972-11-01,OND,1972,1.97
1972-12-01,NDJ,1972,1.88
1973-01-01,DJF,1973,1.69
1973-02-01,JFM,1973,1.25
1973-03-01,FMA,1973,0.58
1973-04-01,MAM,1973,-0.17
1973-05-01,AMJ,1973,-0.73
1973-06-01,MJJ,1973,-0.98
1973-07-01,JJA,1973,-1.1
1973-08-01,JAS,1973,-1.19
1973-09-01,ASO,1973,-1.3
1973-10-01,SON,1973,-1.63
1973-11-01,OND,1973,-1.86
1973-12-01,NDJ,1973,-1.91
1974-01-01,DJF,1974,-1.6
1974-02-01,JFM,1974,-1.28
1974-03-01,FMA,1974,-0.97
1974-04-01,MAM,1974,-0.84
1974-05-01,AMJ,1974,-0.57
1974-06-01,MJJ,1974,-0.5
1974-07-01,JJA,1974,-0.27
1974-08-01,JAS,1974,-0.21
1974-09-01,ASO,1974,-0.24
1974-10-01,SON,1974,-0.45
1974-11-01,OND,1974,-0.59
1974-12-01,NDJ,1974,-0.35
1975-01-01,DJF,1975,-0.12
1975-02-01,JFM,1975,-0.13
1975-03-01,FMA,1975,-0.29
1975-04-01,MAM,1975,-0.42
1975-05-01,AMJ,1975,-0.61
1975-06-01,MJJ,1975,-0.73
1975-07-01,JJA,1975,-0.87
1975-08-01,JAS,1975,-0.88
1975-09-01,ASO,1975,-0.98
1975-10-01,SON,1975,-0.95
1975-11-01,OND,1975,-1.02
1975-12-01,NDJ,1975,-1.11
1976-01-01,DJF,1976,-1.0
1976-02-01,JFM,1976,-0.65
1976-03-01,FMA,1976,-0.26
1976-04-01,MAM,1976,-0.14
1976-05-01,AMJ,1976,0.01
1976-06-01,MJJ,1976,0.27
1976-07-01,JJA,1976,0.52
1976-08-01,JAS,1976,0.72
1976-09-01,ASO,1976,0.89
1976-10-01,SON,1976,1.04
1976-11-01,OND,1976,1.05
1976-12-01,NDJ,1976,1.08
1977-01-01,DJF,1977,0.96
1977-02-01,JFM,1977,0.89
1977-03-01,FMA,1977,0.46
1977-04-01,MAM,1977,0.32
1977-05-01,AMJ,1977,0.25
1977-06-01,MJJ,1977,0.51
1977-07-01,JJA,1977,0.48
1977-08-01,JAS,1977,0.48
1977-09-01,ASO,1977,0.62
1977-10-01,SON,1977,0.89
1977-11-01,OND,1977,1.1
1977-12-01,NDJ,1977,1.05
1978-01-01,DJF,1978,0.96
1978-02-01,JFM,1978,0.71
1978-03-01,FMA,1978,0.26
1978-04-01,MAM,1978,-0.07
1978-05-01,AMJ,1978,-0.33
1978-06-01,MJJ,1978,-0.25
1978-07-01,JJA,1978,-0.32
1978-08-01,JAS,1978,-0.27
1978-09-01,ASO,1978,-0.27
1978-10-01,SON,1978,-0.08
1978-11-01,OND,1978,0.15
1978-12-01,NDJ,1978,0.27
1979-01-01,DJF,1979,0.35
1979-02-01,JFM,1979,0.3
1979-03-01,FMA,1979,0.3
1979-04-01,MAM,1979,0.23
1979-05-01,AMJ,1979,0.13
1979-06-01,MJJ,1979,0.03
1979-07-01,JJA,1979,0.04
1979-08-01,JAS,1979,0.26
1979-09-01,ASO,1979,0.41
1979-10-01,SON,1979,0.52
1979-11-01,OND,1979,0.52
1979-12-01,NDJ,1979,0.64
1980-01-01,DJF,1980,0.65
1980-02-01,JFM,1980,0.45
1980-03-01,FMA,1980,0.25
1980-04-01,MAM,1980,0.14
1980-05-01,AMJ,1980,0.27
1980-06-01,MJJ,1980,0.28
1980-07-01,JJA,1980,0.14
1980-08-01,JAS,1980,-0.1
1980-09-01,ASO,1980,-0.18
1980-10-01,SON,1980,-0.06
1980-11-01,OND,1980,0.14
1980-12-01,NDJ,1980,0.09
1981-01-01,DJF,1981,-0.03
1981-02-01,JFM,1981,-0.18
1981-03-01,FMA,1981,-0.28
1981-04-01,MAM,1981,-0.24
1981-05-01,AMJ,1981,-0.3
1981-06-01,MJJ,1981,-0.26
1981-07-01,JJA,1981,-0.23
1981-08-01,JAS,1981,-0.16
1981-09-01,ASO,1981,-0.02
1981-10-01,SON,1981,-0.17
1981-11-01,OND,1981,-0.21
1981-12-01,NDJ,1981,-0.08
1982-01-01,DJF,1982,0.11
1982-02-01,JFM,1982,0.22
1982-03-01,FMA,1982,0.23
1982-04-01,MAM,1982,0.46
1982-05-01,AMJ,1982,0.74
1982-06-01,MJJ,1982,0.84
1982-07-01,JJA,1982,0.89
1982-08-01,JAS,1982,1.14
1982-09-01,ASO,1982,1.64
1982-10-01,SON,1982,2.03
1982-11-01,OND,1982,2.24
1982-12-01,NDJ,1982,2.36
1983-01-01,DJF,1983,2.4
1983-02-01,JFM,1983,2.15
1983-03-01,FMA,1983,1.67
1983-04-01,MAM,1983,1.3
1983-05-01,AMJ,1983,0.87
1983-06-01,MJJ,1983,0.47
1983-07-01,JJA,1983,0.03
1983-08-01,JAS,1983,-0.23
1983-09-01,ASO,1983,-0.59
1983-10-01,SON,1983,-0.9
1983-11-01,OND,1983,-1.1
1983-12-01,NDJ,1983,-0.96
1984-01-01,DJF,1984,-0.63
1984-02-01,JFM,1984,-0.52
1984-03-01,FMA,1984,-0.45
1984-04-01,MAM,1984,-0.59
1984-05-01,AMJ,1984,-0.62
1984-06-01,MJJ,1984,-0.51
1984-07-01,JJA,1984,-0.32
1984-08-01,JAS,1984,-0.17
1984-09-01,ASO,1984,-0.28
1984-10-01,SON,1984,-0.61
1984-11-01,OND,1984,-0.88
1984-12-01,NDJ,1984,-0.93
1985-01-01,DJF,1985,-0.83
1985-02-01,JFM,1985,-0.68
1985-03-01,FMA,1985,-0.75
1985-04-01,MAM,1985,-0.76
1985-05-01,AMJ,1985,-0.77
1985-06-01,MJJ,1985,-0.55
1985-07-01,JJA,1985,-0.33
1985-08-01,JAS,1985,-0.2
1985-09-01,ASO,1985,-0.16
1985-10-01,SON,1985,-0.18
1985-11-01,OND,1985,-0.14
1985-12-01,NDJ,1985,-0.21
1986-01-01,DJF,1986,-0.26
1986-02-01,JFM,1986,-0.27
1986-03-01,FMA,1986,-0.19
1986-04-01,MAM,1986,-0.14
1986-05-01,AMJ,1986,-0.11
1986-06-01,MJJ,1986,-0.01
1986-07-01,JJA,1986,0.26
1986-08-01,JAS,1986,0.57
1986-09-01,ASO,1986,0.79
1986-10-01,SON,1986,1.0
1986-11-01,OND,1986,1.22
1986-12-01,NDJ,1986,1.42
1987-01-01,DJF,1987,1.46
1987-02-01,JFM,1987,1.35
1987-03-01,FMA,1987,1.14
1987-04-01,MAM,1987,0.93
1987-05-01,AMJ,1987,0.85
1987-06-01,MJJ,1987,0.94
1987-07-01,JJA,1987,1.11
1987-08-01,JAS,1987,1.3
1987-09-01,ASO,1987,1.34
1987-10-01,SON,1987,1.2
1987-11-01,OND,1987,0.98
1987-12-01,NDJ,1987,0.8
1988-01-01,DJF,1988,0.45
1988-02-01,JFM,1988,0.11
1988-03-01,FMA,1988,-0.4
1988-04-01,MAM,1988,-0.91
1988-05-01,AMJ,1988,-1.49
1988-06-01,MJJ,1988,-1.74
1988-07-01,JJA,1988,-1.64
1988-08-01,JAS,1988,-1.36
1988-09-01,ASO,1988,-1.44
1988-10-01,SON,1988,-1.71
1988-11-01,OND,1988,-1.95
1988-12-01,NDJ,1988,-1.94
1989-01-01,DJF,1989,-1.64
1989-02-01,JFM,1989,-1.37
1989-03-01,FMA,1989,-1.11
1989-04-01,MAM,1989,-0.89
1989-05-01,AMJ,1989,-0.65
1989-06-01,MJJ,1989,-0.43
1989-07-01,JJA,1989,-0.41
1989-08-01,JAS,1989,-0.38
1989-09-01,ASO,1989,-0.31
1989-10-01,SON,1989,-0.23
1989-11-01,OND,1989,-0.08
1989-12-01,NDJ,1989,0.06
1990-01-01,DJF,1990,0.32
1990-02-01,JFM,1990,0.3
1990-03-01,FMA,1990,0.32
1990-04-01,MAM,1990,0.26
1990-05-01,AMJ,1990,0.19
1990-06-01,MJJ,1990,0.2
1990-07-01,JJA,1990,0.21
1990-08-01,JAS,1990,0.33
1990-09-01,ASO,1990,0.33
1990-10-01,SON,1990,0.27
1990-11-01,OND,1990,0.3
1990-12-01,NDJ,1990,0.43
1991-01-01,DJF,1991,0.57
1991-02-01,JFM,1991,0.53
1991-03-01,FMA,1991,0.42
1991-04-01,MAM,1991,0.42
1991-05-01,AMJ,1991,0.56
1991-06-01,MJJ,1991,0.7
1991-07-01,JJA,1991,0.86
1991-08-01,JAS,1991,0.83
1991-09-01,ASO,1991,1.01
1991-10-01,SON,1991,1.2
1991-11-01,OND,1991,1.66
1991-12-01,NDJ,1991,1.97
1992-01-01,DJF,1992,2.12
1992-02-01,JFM,1992,2.08
1992-03-01,FMA,1992,1.94
1992-04-01,MAM,1992,1.76
1992-05-01,AMJ,1992,1.4
1992-06-01,MJJ,1992,0.93
1992-07-01,JJA,1992,0.52
1992-08-01,JAS,1992,0.3
1992-09-01,ASO,1992,0.13
1992-10-01,SON,1992,0.1
1992-11-01,OND,1992,0.12
1992-12-01,NDJ,1992,0.35
1993-01-01,DJF,1993,0.55
1993-02-01,JFM,1993,0.7
1993-03-01,FMA,1993,0.86
1993-04-01,MAM,1993,1.06
1993-05-01,AMJ,1993,1.0
1993-06-01,MJJ,1993,0.77
1993-07-01,JJA,1993,0.45
1993-08-01,JAS,1993,0.46
1993-09-01,ASO,1993,0.48
1993-10-01,SON,1993,0.46
1993-11-01,OND,1993,0.44
1993-12-01,NDJ,1993,0.42
1994-01-01,DJF,1994,0.33
1994-02-01,JFM,1994,0.24
1994-03-01,FMA,1994,0.23
1994-04-01,MAM,1994,0.32
1994-05-01,AMJ,1994,0.4
1994-06-01,MJJ,1994,0.41
1994-07-01,JJA,1994,0.53
1994-08-01,JAS,1994,0.6
1994-09-01,ASO,1994,0.79
1994-10-01,SON,1994,0.97
1994-11-01,OND,1994,1.23
1994-12-01,NDJ,1994,1.28
1995-01-01,DJF,1995,1.17
1995-02-01,JFM,1995,0.86
1995-03-01,FMA,1995,0.55
1995-04-01,MAM,1995,0.2
1995-05-01,AMJ,1995,-0.07
1995-06-01,MJJ,1995,-0.23
1995-07-01,JJA,1995,-0.41
1995-08-01,JAS,1995,-0.57
1995-09-01,ASO,1995,-0.76
1995-10-01,SON,1995,-0.93
1995-11-01,OND,1995,-1.02
1995-12-01,NDJ,1995,-0.99
1996-01-01,DJF,1996,-0.87
1996-02-01,JFM,1996,-0.75
1996-03-01,FMA,1996,-0.58
1996-04-01,MAM,1996,-0.37
1996-05-01,AMJ,1996,-0.25
1996-06-01,MJJ,1996,-0.24
1996-07-01,JJA,1996,-0.2
1996-08-01,JAS,1996,-0.2
1996-09-01,ASO,1996,-0.2
1996-10-01,SON,1996,-0.25
1996-11-01,OND,1996,-0.3
1996-12-01,NDJ,1996,-0.29
1997-01-01,DJF,1997,-0.21
1997-02-01,JFM,1997,-0.03
1997-03-01,FMA,1997,0.17
1997-04-01,MAM,1997,0.47
1997-05-01,AMJ,1997,0.83
1997-06-01,MJJ,1997,1.2
1997-07-01,JJA,1997,1.5
1997-08-01,JAS,1997,1.84
1997-09-01,ASO,1997,2.07
1997-10-01,SON,1997,2.22
1997-11-01,OND,1997,2.25
1997-12-01,NDJ,1997,2.28
1998-01-01,DJF,1998,2.13
1998-02-01,JFM,1998,1.82
1998-03-01,FMA,1998,1.22
1998-04-01,MAM,1998,0.81
1998-05-01,AMJ,1998,0.07
1998-06-01,MJJ,1998,-0.46
1998-07-01,JJA,1998,-1.05
1998-08-01,JAS,1998,-1.14
1998-09-01,ASO,1998,-1.24
1998-10-01,SON,1998,-1.33
1998-11-01,OND,1998,-1.51
1998-12-01,NDJ,1998,-1.61
1999-01-01,DJF,1999,-1.56
1999-02-01,JFM,1999,-1.28
1999-03-01,FMA,1999,-0.99
1999-04-01,MAM,1999,-0.88
1999-05-01,AMJ,1999,-0.81
1999-06-01,MJJ,1999,-0.82
1999-07-01,JJA,1999,-0.83
1999-08-01,JAS,1999,-0.86
1999-09-01,ASO,1999,-0.87
1999-10-01,SON,1999,-1.06
1999-11-01,OND,1999,-1.33
1999-12-01,NDJ,1999,-1.56
2000-01-01,DJF,2000,-1.5
2000-02-01,JFM,2000,-1.31
2000-03-01,FMA,2000,-1.06
2000-04-01,MAM,2000,-0.88
2000-05-01,AMJ,2000,-0.68
2000-06-01,MJJ,2000,-0.54
2000-07-01,JJA,2000,-0.35
2000-08-01,JAS,2000,-0.29
2000-09-01,ASO,2000,-0.36
2000-10-01,SON,2000,-0.55
2000-11-01,OND,2000,-0.79
2000-12-01,NDJ,2000,-0.82
2001-01-01,DJF,2001,-0.79
2001-02-01,JFM,2001,-0.62
2001-03-01,FMA,2001,-0.55
2001-04-01,MAM,2001,-0.41
2001-05-01,AMJ,2001,-0.28
2001-06-01,MJJ,2001,-0.08
2001-07-01,JJA,2001,0.01
2001-08-01,JAS,2001,-0.02
2001-09-01,ASO,2001,-0.05
2001-10-01,SON,2001,-0.18
2001-11-01,OND,2001,-0.27
2001-12-01,NDJ,2001,-0.32
2002-01-01,DJF,2002,-0.16
2002-02-01,JFM,2002,0.01
2002-03-01,FMA,2002,0.03
2002-04-01,MAM,2002,0.05
2002-05-01,AMJ,2002,0.22
2002-06-01,MJJ,2002,0.44
2002-07-01,JJA,2002,0.64
2002-08-01,JAS,2002,0.8
2002-09-01,ASO,2002,0.97
2002-10-01,SON,2002,1.18
2002-11-01,OND,2002,1.33
2002-12-01,NDJ,2002,1.13
2003-01-01,DJF,2003,0.85
2003-02-01,JFM,2003,0.47
2003-03-01,FMA,2003,0.23
2003-04-01,MAM,2003,-0.19
2003-05-01,AMJ,2003,-0.34
2003-06-01,MJJ,2003,-0.24
2003-07-01,JJA,2003,0.04
2003-08-01,JAS,2003,0.09
2003-09-01,ASO,2003,0.17
2003-10-01,SON,2003,0.17
2003-11-01,OND,2003,0.25
2003-12-01,NDJ,2003,0.22
2004-01-01,DJF,2004,0.23
2004-02-01,JFM,2004,0.12
2004-03-01,FMA,2004,0.07
2004-04-01,MAM,2004,0.09
2004-05-01,AMJ,2004,0.18
2004-06-01,MJJ,2004,0.36
2004-07-01,JJA,2004,0.54
2004-08-01,JAS,2004,0.69
2004-09-01,ASO,2004,0.71
2004-10-01,SON,2004,0.7
2004-11-01,OND,2004,0.7
2004-12-01,NDJ,2004,0.69
2005-01-01,DJF,2005,0.54
2005-02-01,JFM,2005,0.4
2005-03-01,FMA,2005,0.26
2005-04-01,MAM,2005,0.25
2005-05-01,AMJ,2005,0.2
2005-06-01,MJJ,2005,0.05
2005-07-01,JJA,2005,-0.06
2005-08-01,JAS,2005,-0.11
2005-09-01,ASO,2005,-0.04
2005-10-01,SON,2005,-0.18
2005-11-01,OND,2005,-0.5
2005-12-01,NDJ,2005,-0.81
2006-01-01,DJF,2006,-0.9
2006-02-01,JFM,2006,-0.87
2006-03-01,FMA,2006,-0.69
2006-04-01,MAM,2006,-0.49
2006-05-01,AMJ,2006,-0.19
2006-06-01,MJJ,2006,-0.05
2006-07-01,JJA,2006,0.15
2006-08-01,JAS,2006,0.36
2006-09-01,ASO,2006,0.57
2006-10-01,SON,2006,0.73
2006-11-01,OND,2006,0.91
2006-12-01,NDJ,2006,0.89
2007-01-01,DJF,2007,0.6
2007-02-01,JFM,2007,0.16
2007-03-01,FMA,2007,-0.15
2007-04-01,MAM,2007,-0.33
2007-05-01,AMJ,2007,-0.36
2007-06-01,MJJ,2007,-0.44
2007-07-01,JJA,2007,-0.5
2007-08-01,JAS,2007,-0.79
2007-09-01,ASO,2007,-1.04
2007-10-01,SON,2007,-1.33
2007-11-01,OND,2007,-1.49
2007-12-01,NDJ,2007,-1.65
2008-01-01,DJF,2008,-1.73
2008-02-01,JFM,2008,-1.62
2008-03-01,FMA,2008,-1.39
2008-04-01,MAM,2008,-1.04
2008-05-01,AMJ,2008,-0.8
2008-06-01,MJJ,2008,-0.46
2008-07-01,JJA,2008,-0.24
2008-08-01,JAS,2008,-0.17
2008-09-01,ASO,2008,-0.26
2008-10-01,SON,2008,-0.38
2008-11-01,OND,2008,-0.6
2008-12-01,NDJ,2008,-0.86
2009-01-01,DJF,2009,-0.96
2009-02-01,JFM,2009,-0.92
2009-03-01,FMA,2009,-0.7
2009-04-01,MAM,2009,-0.43
2009-05-01,AMJ,2009,-0.05
2009-06-01,MJJ,2009,0.24
2009-07-01,JJA,2009,0.35
2009-08-01,JAS,2009,0.42
2009-09-01,ASO,2009,0.53
2009-10-01,SON,2009,0.86
2009-11-01,OND,2009,1.29
2009-12-01,NDJ,2009,1.5
2010-01-01,DJF,2010,1.44
2010-02-01,JFM,2010,1.11
2010-03-01,FMA,2010,0.69
2010-04-01,MAM,2010,0.1
2010-05-01,AMJ,2010,-0.5
2010-06-01,MJJ,2010,-0.97
2010-07-01,JJA,2010,-1.21
2010-08-01,JAS,2010,-1.39
2010-09-01,ASO,2010,-1.54
2010-10-01,SON,2010,-1.61
2010-11-01,OND,2010,-1.63
2010-12-01,NDJ,2010,-1.55
2011-01-01,DJF,2011,-1.42
2011-02-01,JFM,2011,-1.21
2011-03-01,FMA,2011,-0.97
2011-04-01,MAM,2011,-0.76
2011-05-01,AMJ,2011,-0.52
2011-06-01,MJJ,2011,-0.29
2011-07-01,JJA,2011,-0.29
2011-08-01,JAS,2011,-0.41
2011-09-01,ASO,2011,-0.7
2011-10-01,SON,2011,-0.91
2011-11-01,OND,2011,-1.02
2011-12-01,NDJ,2011,-0.96
2012-01-01,DJF,2012,-0.77
2012-02-01,JFM,2012,-0.6
2012-03-01,FMA,2012,-0.5
2012-04-01,MAM,2012,-0.42
2012-05-01,AMJ,2012,-0.26
2012-06-01,MJJ,2012,0.01
2012-07-01,JJA,2012,0.33
2012-08-01,JAS,2012,0.43
2012-09-01,ASO,2012,0.37
2012-10-01,SON,2012,0.21
2012-11-01,OND,2012,-0.03
2012-12-01,NDJ,2012,-0.27
2013-01-01,DJF,2013,-0.55
2013-02-01,JFM,2013,-0.57
2013-03-01,FMA,2013,-0.49
2013-04-01,MAM,2013,-0.44
2013-05-01,AMJ,2013,-0.48
2013-06-01,MJJ,2013,-0.48
2013-07-01,JJA,2013,-0.48
2013-08-01,JAS,2013,-0.38
2013-09-01,ASO,2013,-0.38
2013-10-01,SON,2013,-0.22
2013-11-01,OND,2013,-0.23
2013-12-01,NDJ,2013,-0.27
2014-01-01,DJF,2014,-0.43
2014-02-01,JFM,2014,-0.38
2014-03-01,FMA,2014,-0.15
2014-04-01,MAM,2014,0.11
2014-05-01,AMJ,2014,0.15
2014-06-01,MJJ,2014,0.0
2014-07-01,JJA,2014,-0.14
2014-08-01,JAS,2014,-0.09
2014-09-01,ASO,2014,0.06
2014-10-01,SON,2014,0.35
2014-11-01,OND,2014,0.54
2014-12-01,NDJ,2014,0.62
2015-01-01,DJF,2015,0.54
2015-02-01,JFM,2015,0.47
2015-03-01,FMA,2015,0.59
2015-04-01,MAM,2015,0.72
2015-05-01,AMJ,2015,0.89
2015-06-01,MJJ,2015,1.02
2015-07-01,JJA,2015,1.27
2015-08-01,JAS,2015,1.54
2015-09-01,ASO,2015,1.8
2015-10-01,SON,2015,2.03
2015-11-01,OND,2015,2.18
2015-12-01,NDJ,2015,2.25
2016-01-01,DJF,2016,2.14
2016-02-01,JFM,2016,1.81
2016-03-01,FMA,2016,1.3
2016-04-01,MAM,2016,0.65
2016-05-01,AMJ,2016,0.08
2016-06-01,MJJ,2016,-0.43
2016-07-01,JJA,2016,-0.7
2016-08-01,JAS,2016,-0.81
2016-09-01,ASO,2016,-0.88
2016-10-01,SON,2016,-0.96
2016-11-01,OND,2016,-0.96
2016-12-01,NDJ,2016,-0.89
2017-01-01,DJF,2017,-0.6
2017-02-01,JFM,2017,-0.44
2017-03-01,FMA,2017,-0.18
2017-04-01,MAM,2017,-0.1
2017-05-01,AMJ,2017,-0.02
2017-06-01,MJJ,2017,-0.04
2017-07-01,JJA,2017,-0.23
2017-08-01,JAS,2017,-0.46
2017-09-01,ASO,2017,-0.62
2017-10-01,SON,2017,-0.82
2017-11-01,OND,2017,-0.97
2017-12-01,NDJ,2017,-1.14
2018-01-01,DJF,2018,-1.08
2018-02-01,JFM,2018,-1.04
2018-03-01,FMA,2018,-0.9
2018-04-01,MAM,2018,-0.69
2018-05-01,AMJ,2018,-0.33
2018-06-01,MJJ,2018,-0.02
2018-07-01,JJA,2018,0.08
2018-08-01,JAS,2018,0.16
2018-09-01,ASO,2018,0.35
2018-10-01,SON,2018,0.62
2018-11-01,OND,2018,0.82
2018-12-01,NDJ,2018,0.78
2019-01-01,DJF,2019,0.68
2019-02-01,JFM,2019,0.64
2019-03-01,FMA,2019,0.57
2019-04-01,MAM,2019,0.53
2019-05-01,AMJ,2019,0.37
2019-06-01,MJJ,2019,0.24
2019-07-01,JJA,2019,0.04
2019-08-01,JAS,2019,-0.12
2019-09-01,ASO,2019,-0.01
2019-10-01,SON,2019,0.15
2019-11-01,OND,2019,0.29
2019-12-01,NDJ,2019,0.22
2020-01-01,DJF,2020,0.14
2020-02-01,JFM,2020,0.1
2020-03-01,FMA,2020,0.02
2020-04-01,MAM,2020,-0.25
2020-05-01,AMJ,2020,-0.55
2020-06-01,MJJ,2020,-0.72
2020-07-01,JJA,2020,-0.76
2020-08-01,JAS,2020,-0.85
2020-09-01,ASO,2020,-1.16
2020-10-01,SON,2020,-1.37
2020-11-01,OND,2020,-1.46
2020-12-01,NDJ,2020,-1.39
2021-01-01,DJF,2021,-1.32
2021-02-01,JFM,2021,-1.18
2021-03-01,FMA,2021,-1.08
2021-04-01,MAM,2021,-0.89
2021-05-01,AMJ,2021,-0.68
2021-06-01,MJJ,2021,-0.57
2021-07-01,JJA,2021,-0.6
2021-08-01,JAS,2021,-0.76
2021-09-01,ASO,2021,-0.95
2021-10-01,SON,2021,-1.08
2021-11-01,OND,2021,-1.24
2021-12-01,NDJ,2021,-1.22
2022-01-01,DJF,2022,-1.18
2022-02-01,JFM,2022,-1.13
2022-03-01,FMA,2022,-1.19
2022-04-01,MAM,2022,-1.26
2022-05-01,AMJ,2022,-1.17
2022-06-01,MJJ,2022,-0.95
2022-07-01,JJA,2022,-0.86
2022-08-01,JAS,2022,-0.94
2022-09-01,ASO,2022,-1.07
2022-10-01,SON,2022,-1.1
2022-11-01,OND,2022,-1.05
2022-12-01,NDJ,2022,-0.99
2023-01-01,DJF,2023,-0.86
2023-02-01,JFM,2023,-0.68
2023-03-01,FMA,2023,-0.55
2023-04-01,MAM,2023,-0.31
2023-05-01,AMJ,2023,-0.04
2023-06-01,MJJ,2023,0.28
2023-07-01,JJA,2023,0.54
2023-08-01,JAS,2023,0.79
2023-09-01,ASO,2023,1.04
2023-10-01,SON,2023,1.3
2023-11-01,OND,2023,1.42
2023-12-01,NDJ,2023,1.4
2024-01-01,DJF,2024,1.13
2024-02-01,JFM,2024,0.78
2024-03-01,FMA,2024,0.42
2024-04-01,MAM,2024,0.04
2024-05-01,AMJ,2024,-0.28
2024-06-01,MJJ,2024,-0.45
2024-07-01,JJA,2024,-0.49
2024-08-01,JAS,2024,-0.56
2024-09-01,ASO,2024,-0.67
2024-10-01,SON,2024,-0.76
2024-11-01,OND,2024,-0.88
2024-12-01,NDJ,2024,-1.05
2025-01-01,DJF,2025,-1.1
2025-02-01,JFM,2025,-0.85
2025-03-01,FMA,2025,-0.66
2025-04-01,MAM,2025,-0.5
2025-05-01,AMJ,2025,-0.48
2025-06-01,MJJ,2025,-0.36
2025-07-01,JJA,2025,-0.41
2025-08-01,JAS,2025,-0.59
2025-09-01,ASO,2025,-0.78
2025-10-01,SON,2025,-0.93
2025-11-01,OND,2025,-0.98
2025-12-01,NDJ,2025,-1.04
2026-01-01,DJF,2026,-0.91
2026-02-01,JFM,2026,-0.76
2026-03-01,FMA,2026,-0.44
2026-04-01,MAM,2026,-0.04
2026-05-01,AMJ,2026,0.49
2026-06-01,MJJ,2026,0.97
2026-07-01,JJA,2026,1.36
