date,year,month,tpi
1854-01-01,1854,1,0.356
1854-02-01,1854,2,0.026
1854-03-01,1854,3,-0.043
1854-04-01,1854,4,0.141
1854-05-01,1854,5,0.234
1854-06-01,1854,6,0.339
1854-07-01,1854,7,-0.05
1854-08-01,1854,8,-0.685
1854-09-01,1854,9,-0.395
1854-10-01,1854,10,-0.744
1854-11-01,1854,11,-0.708
1854-12-01,1854,12,-1.07
1855-01-01,1855,1,-0.319
1855-02-01,1855,2,0.199
1855-03-01,1855,3,0.199
1855-04-01,1855,4,-0.213
1855-05-01,1855,5,-0.494
1855-06-01,1855,6,-0.537
1855-07-01,1855,7,-0.287
1855-08-01,1855,8,0.403
1855-09-01,1855,9,0.762
1855-10-01,1855,10,0.402
1855-11-01,1855,11,0.324
1855-12-01,1855,12,0.504
1856-01-01,1856,1,0.604
1856-02-01,1856,2,0.444
1856-03-01,1856,3,0.542
1856-04-01,1856,4,-0.237
1856-05-01,1856,5,-0.295
1856-06-01,1856,6,-0.342
1856-07-01,1856,7,-0.453
1856-08-01,1856,8,-0.711
1856-09-01,1856,9,-0.674
1856-10-01,1856,10,-0.766
1856-11-01,1856,11,-0.988
1856-12-01,1856,12,-1.207
1857-01-01,1857,1,-1.393
1857-02-01,1857,2,-1.172
1857-03-01,1857,3,-0.913
1857-04-01,1857,4,-0.663
1857-05-01,1857,5,-0.168
1857-06-01,1857,6,0.233
1857-07-01,1857,7,0.157
1857-08-01,1857,8,-0.144
1857-09-01,1857,9,-0.188
1857-10-01,1857,10,-0.207
1857-11-01,1857,11,0.129
1857-12-01,1857,12,0.189
1858-01-01,1858,1,0.165
1858-02-01,1858,2,0.287
1858-03-01,1858,3,-0.051
1858-04-01,1858,4,0.054
1858-05-01,1858,5,0.353
1858-06-01,1858,6,1.035
1858-07-01,1858,7,0.774
1858-08-01,1858,8,0.647
1858-09-01,1858,9,0.37
1858-10-01,1858,10,0.526
1858-11-01,1858,11,0.212
1858-12-01,1858,12,-0.316
1859-01-01,1859,1,-0.415
1859-02-01,1859,2,-0.526
1859-03-01,1859,3,-0.442
1859-04-01,1859,4,-0.674
1859-05-01,1859,5,-0.531
1859-06-01,1859,6,-0.636
1859-07-01,1859,7,-0.385
1859-08-01,1859,8,-0.191
1859-09-01,1859,9,-0.42
1859-10-01,1859,10,-0.462
1859-11-01,1859,11,-0.353
1859-12-01,1859,12,-0.354
1860-01-01,1860,1,-0.559
1860-02-01,1860,2,-0.572
1860-03-01,1860,3,-0.517
1860-04-01,1860,4,-0.711
1860-05-01,1860,5,-0.662
1860-06-01,1860,6,-0.402
1860-07-01,1860,7,-0.015
1860-08-01,1860,8,-0.324
1860-09-01,1860,9,-0.503
1860-10-01,1860,10,-1.198
1860-11-01,1860,11,-0.962
1860-12-01,1860,12,-0.722
1861-01-01,1861,1,-0.702
1861-02-01,1861,2,-0.481
1861-03-01,1861,3,-0.204
1861-04-01,1861,4,-0.77
1861-05-01,1861,5,-0.574
1861-06-01,1861,6,-0.23
1861-07-01,1861,7,-0.284
1861-08-01,1861,8,-0.331
1861-09-01,1861,9,-0.873
1861-10-01,1861,10,-0.887
1861-11-01,1861,11,-1.024
1861-12-01,1861,12,-0.97
1862-01-01,1862,1,-0.935
1862-02-01,1862,2,-0.641
1862-03-01,1862,3,-0.662
1862-04-01,1862,4,-0.675
1862-05-01,1862,5,-0.833
1862-06-01,1862,6,-0.924
1862-07-01,1862,7,-0.542
1862-08-01,1862,8,-0.394
1862-09-01,1862,9,-0.095
1862-10-01,1862,10,-0.429
1862-11-01,1862,11,-0.393
1862-12-01,1862,12,-0.733
1863-01-01,1863,1,-0.743
1863-02-01,1863,2,-0.407
1863-03-01,1863,3,-0.773
1863-04-01,1863,4,-0.823
1863-05-01,1863,5,-0.63
1863-06-01,1863,6,-0.726
1863-07-01,1863,7,-0.072
1863-08-01,1863,8,-0.244
1863-09-01,1863,9,-0.18
1863-10-01,1863,10,-0.326
1863-11-01,1863,11,-0.084
1863-12-01,1863,12,-0.175
1864-01-01,1864,1,-0.341
1864-02-01,1864,2,-0.455
1864-03-01,1864,3,-0.655
1864-04-01,1864,4,-0.625
1864-05-01,1864,5,-0.529
1864-06-01,1864,6,-0.171
1864-07-01,1864,7,0.008
1864-08-01,1864,8,-0.174
1864-09-01,1864,9,-0.132
1864-10-01,1864,10,-0.014
1864-11-01,1864,11,-0.095
1864-12-01,1864,12,0.08
1865-01-01,1865,1,-0.793
1865-02-01,1865,2,-0.319
1865-03-01,1865,3,-0.151
1865-04-01,1865,4,-0.356
1865-05-01,1865,5,-0.297
1865-06-01,1865,6,-0.53
1865-07-01,1865,7,-0.729
1865-08-01,1865,8,-0.552
1865-09-01,1865,9,-0.473
1865-10-01,1865,10,-0.501
1865-11-01,1865,11,-0.498
1865-12-01,1865,12,-0.43
1866-01-01,1866,1,-0.588
1866-02-01,1866,2,-0.624
1866-03-01,1866,3,-1.154
1866-04-01,1866,4,-0.77
1866-05-01,1866,5,-0.387
1866-06-01,1866,6,-0.416
1866-07-01,1866,7,-0.335
1866-08-01,1866,8,-0.254
1866-09-01,1866,9,0.03
1866-10-01,1866,10,-0.491
1866-11-01,1866,11,-0.551
1866-12-01,1866,12,-0.379
1867-01-01,1867,1,-0.449
1867-02-01,1867,2,-0.739
1867-03-01,1867,3,-1.076
1867-04-01,1867,4,-0.971
1867-05-01,1867,5,0.258
1867-06-01,1867,6,-0.003
1867-07-01,1867,7,-0.136
1867-08-01,1867,8,-0.32
1867-09-01,1867,9,-0.638
1867-10-01,1867,10,-0.435
1867-11-01,1867,11,-0.043
1867-12-01,1867,12,-0.078
1868-01-01,1868,1,-0.265
1868-02-01,1868,2,-0.03
1868-03-01,1868,3,-0.155
1868-04-01,1868,4,-0.471
1868-05-01,1868,5,-0.366
1868-06-01,1868,6,-0.627
1868-07-01,1868,7,-0.405
1868-08-01,1868,8,-0.283
1868-09-01,1868,9,-0.033
1868-10-01,1868,10,-0.122
1868-11-01,1868,11,-0.319
1868-12-01,1868,12,-0.349
1869-01-01,1869,1,-0.365
1869-02-01,1869,2,-0.374
1869-03-01,1869,3,-0.325
1869-04-01,1869,4,-0.249
1869-05-01,1869,5,0.015
1869-06-01,1869,6,0.123
1869-07-01,1869,7,0.096
1869-08-01,1869,8,-0.611
1869-09-01,1869,9,-0.996
1869-10-01,1869,10,-1.295
1869-11-01,1869,11,-0.814
1869-12-01,1869,12,-1.252
1870-01-01,1870,1,-1.016
1870-02-01,1870,2,-1.416
1870-03-01,1870,3,-1.064
1870-04-01,1870,4,-1.073
1870-05-01,1870,5,-1.225
1870-06-01,1870,6,-1.136
1870-07-01,1870,7,-1.189
1870-08-01,1870,8,-0.627
1870-09-01,1870,9,-0.812
1870-10-01,1870,10,-1.181
1870-11-01,1870,11,-1.089
1870-12-01,1870,12,-1.002
1871-01-01,1871,1,-0.689
1871-02-01,1871,2,-0.671
1871-03-01,1871,3,-0.391
1871-04-01,1871,4,-0.163
1871-05-01,1871,5,-0.314
1871-06-01,1871,6,-0.024
1871-07-01,1871,7,-0.054
1871-08-01,1871,8,0.138
1871-09-01,1871,9,0.031
1871-10-01,1871,10,-0.563
1871-11-01,1871,11,-0.385
1871-12-01,1871,12,-0.385
1872-01-01,1872,1,-0.579
1872-02-01,1872,2,-0.741
1872-03-01,1872,3,-0.752
1872-04-01,1872,4,-0.809
1872-05-01,1872,5,-0.634
1872-06-01,1872,6,-0.683
1872-07-01,1872,7,0.038
1872-08-01,1872,8,-0.516
1872-09-01,1872,9,-0.527
1872-10-01,1872,10,-0.812
1872-11-01,1872,11,-1.361
1872-12-01,1872,12,-1.782
1873-01-01,1873,1,-1.679
1873-02-01,1873,2,-1.824
1873-03-01,1873,3,-1.48
1873-04-01,1873,4,-1.421
1873-05-01,1873,5,-0.759
1873-06-01,1873,6,-0.923
1873-07-01,1873,7,-0.828
1873-08-01,1873,8,-0.667
1873-09-01,1873,9,-0.797
1873-10-01,1873,10,-0.895
1873-11-01,1873,11,-0.818
1873-12-01,1873,12,-0.7
1874-01-01,1874,1,-0.897
1874-02-01,1874,2,-1.242
1874-03-01,1874,3,-1.004
1874-04-01,1874,4,-0.738
1874-05-01,1874,5,-0.871
1874-06-01,1874,6,-1.125
1874-07-01,1874,7,-1.036
1874-08-01,1874,8,-0.804
1874-09-01,1874,9,-0.747
1874-10-01,1874,10,-0.943
1874-11-01,1874,11,-0.914
1874-12-01,1874,12,-1.227
1875-01-01,1875,1,-0.95
1875-02-01,1875,2,-0.801
1875-03-01,1875,3,-0.683
1875-04-01,1875,4,-0.879
1875-05-01,1875,5,-0.808
1875-06-01,1875,6,-0.811
1875-07-01,1875,7,-0.673
1875-08-01,1875,8,-0.72
1875-09-01,1875,9,-0.874
1875-10-01,1875,10,-0.998
1875-11-01,1875,11,-0.99
1875-12-01,1875,12,-0.974
1876-01-01,1876,1,-1.358
1876-02-01,1876,2,-1.359
1876-03-01,1876,3,-1.516
1876-04-01,1876,4,-1.534
1876-05-01,1876,5,-1.423
1876-06-01,1876,6,-0.767
1876-07-01,1876,7,-0.779
1876-08-01,1876,8,-0.824
1876-09-01,1876,9,-0.475
1876-10-01,1876,10,-0.063
1876-11-01,1876,11,-0.008
1876-12-01,1876,12,-0.049
1877-01-01,1877,1,0.012
1877-02-01,1877,2,-0.088
1877-03-01,1877,3,-0.003
1877-04-01,1877,4,0.409
1877-05-01,1877,5,0.436
1877-06-01,1877,6,0.692
1877-07-01,1877,7,1.09
1877-08-01,1877,8,1.345
1877-09-01,1877,9,1.429
1877-10-01,1877,10,1.435
1877-11-01,1877,11,1.559
1877-12-01,1877,12,1.724
1878-01-01,1878,1,1.717
1878-02-01,1878,2,2.202
1878-03-01,1878,3,1.399
1878-04-01,1878,4,1.121
1878-05-01,1878,5,0.694
1878-06-01,1878,6,0.101
1878-07-01,1878,7,0.025
1878-08-01,1878,8,0.048
1878-09-01,1878,9,-0.349
1878-10-01,1878,10,-0.555
1878-11-01,1878,11,-0.63
1878-12-01,1878,12,-0.334
1879-01-01,1879,1,-0.256
1879-02-01,1879,2,-0.454
1879-03-01,1879,3,-0.634
1879-04-01,1879,4,-0.591
1879-05-01,1879,5,-0.975
1879-06-01,1879,6,-1.235
1879-07-01,1879,7,-1.251
1879-08-01,1879,8,-0.701
1879-09-01,1879,9,-0.567
1879-10-01,1879,10,-1.066
1879-11-01,1879,11,-1.423
1879-12-01,1879,12,-1.224
1880-01-01,1880,1,-1.066
1880-02-01,1880,2,-0.591
1880-03-01,1880,3,-0.586
1880-04-01,1880,4,-0.903
1880-05-01,1880,5,-0.936
1880-06-01,1880,6,-0.603
1880-07-01,1880,7,-0.036
1880-08-01,1880,8,-0.031
1880-09-01,1880,9,-0.254
1880-10-01,1880,10,0.516
1880-11-01,1880,11,0.387
1880-12-01,1880,12,0.313
1881-01-01,1881,1,0.251
1881-02-01,1881,2,0.295
1881-03-01,1881,3,0.408
1881-04-01,1881,4,0.371
1881-05-01,1881,5,0.405
1881-06-01,1881,6,0.303
1881-07-01,1881,7,-0.355
1881-08-01,1881,8,-0.372
1881-09-01,1881,9,0.169
1881-10-01,1881,10,0.087
1881-11-01,1881,11,-0.002
1881-12-01,1881,12,-0.196
1882-01-01,1882,1,-0.524
1882-02-01,1882,2,-0.455
1882-03-01,1882,3,-0.166
1882-04-01,1882,4,-0.051
1882-05-01,1882,5,-0.162
1882-06-01,1882,6,-0.632
1882-07-01,1882,7,-0.788
1882-08-01,1882,8,-0.527
1882-09-01,1882,9,-0.402
1882-10-01,1882,10,-0.397
1882-11-01,1882,11,-0.603
1882-12-01,1882,12,-0.677
1883-01-01,1883,1,-0.579
1883-02-01,1883,2,-0.17
1883-03-01,1883,3,-0.063
1883-04-01,1883,4,0.169
1883-05-01,1883,5,0.072
1883-06-01,1883,6,-0.073
1883-07-01,1883,7,-0.526
1883-08-01,1883,8,-0.492
1883-09-01,1883,9,-0.307
1883-10-01,1883,10,-0.287
1883-11-01,1883,11,0.033
1883-12-01,1883,12,-0.439
1884-01-01,1884,1,-0.296
1884-02-01,1884,2,-0.413
1884-03-01,1884,3,-0.23
1884-04-01,1884,4,-0.209
1884-05-01,1884,5,0.258
1884-06-01,1884,6,0.246
1884-07-01,1884,7,0.397
1884-08-01,1884,8,0.385
1884-09-01,1884,9,0.736
1884-10-01,1884,10,1.007
1884-11-01,1884,11,1.062
1884-12-01,1884,12,1.175
1885-01-01,1885,1,0.966
1885-02-01,1885,2,0.657
1885-03-01,1885,3,0.65
1885-04-01,1885,4,0.576
1885-05-01,1885,5,0.762
1885-06-01,1885,6,0.427
1885-07-01,1885,7,0.172
1885-08-01,1885,8,0.505
1885-09-01,1885,9,0.869
1885-10-01,1885,10,1.189
1885-11-01,1885,11,1.128
1885-12-01,1885,12,0.974
1886-01-01,1886,1,0.587
1886-02-01,1886,2,0.185
1886-03-01,1886,3,-0.192
1886-04-01,1886,4,0.065
1886-05-01,1886,5,-0.475
1886-06-01,1886,6,-0.885
1886-07-01,1886,7,-0.556
1886-08-01,1886,8,-0.632
1886-09-01,1886,9,-0.5
1886-10-01,1886,10,-0.97
1886-11-01,1886,11,-1.278
1886-12-01,1886,12,-1.291
1887-01-01,1887,1,-1.296
1887-02-01,1887,2,-1.439
1887-03-01,1887,3,-1.363
1887-04-01,1887,4,-0.994
1887-05-01,1887,5,-0.831
1887-06-01,1887,6,-0.632
1887-07-01,1887,7,0.157
1887-08-01,1887,8,0.012
1887-09-01,1887,9,-0.302
1887-10-01,1887,10,0.139
1887-11-01,1887,11,0.164
1887-12-01,1887,12,0.241
1888-01-01,1888,1,0.547
1888-02-01,1888,2,0.958
1888-03-01,1888,3,1.012
1888-04-01,1888,4,0.764
1888-05-01,1888,5,0.735
1888-06-01,1888,6,0.632
1888-07-01,1888,7,0.54
1888-08-01,1888,8,0.679
1888-09-01,1888,9,1.298
1888-10-01,1888,10,1.402
1888-11-01,1888,11,1.489
1888-12-01,1888,12,1.415
1889-01-01,1889,1,1.39
1889-02-01,1889,2,1.2
1889-03-01,1889,3,0.905
1889-04-01,1889,4,1.008
1889-05-01,1889,5,0.67
1889-06-01,1889,6,0.293
1889-07-01,1889,7,-0.347
1889-08-01,1889,8,-0.795
1889-09-01,1889,9,-0.96
1889-10-01,1889,10,-1.189
1889-11-01,1889,11,-0.77
1889-12-01,1889,12,-0.746
1890-01-01,1890,1,-1.005
1890-02-01,1890,2,-1.347
1890-03-01,1890,3,-1.066
1890-04-01,1890,4,-0.786
1890-05-01,1890,5,-0.565
1890-06-01,1890,6,-1.065
1890-07-01,1890,7,-0.782
1890-08-01,1890,8,-0.753
1890-09-01,1890,9,-0.265
1890-10-01,1890,10,-0.891
1890-11-01,1890,11,-1.114
1890-12-01,1890,12,-0.789
1891-01-01,1891,1,-0.327
1891-02-01,1891,2,-0.419
1891-03-01,1891,3,-0.324
1891-04-01,1891,4,0.284
1891-05-01,1891,5,0.5
1891-06-01,1891,6,0.461
1891-07-01,1891,7,0.458
1891-08-01,1891,8,0.016
1891-09-01,1891,9,-0.164
1891-10-01,1891,10,0.152
1891-11-01,1891,11,0.202
1891-12-01,1891,12,-0.223
1892-01-01,1892,1,-0.393
1892-02-01,1892,2,-0.523
1892-03-01,1892,3,-0.684
1892-04-01,1892,4,-0.835
1892-05-01,1892,5,-1.199
1892-06-01,1892,6,-1.238
1892-07-01,1892,7,-0.982
1892-08-01,1892,8,-1.317
1892-09-01,1892,9,-1.871
1892-10-01,1892,10,-1.715
1892-11-01,1892,11,-1.717
1892-12-01,1892,12,-1.351
1893-01-01,1893,1,-1.099
1893-02-01,1893,2,-0.991
1893-03-01,1893,3,-1.0
1893-04-01,1893,4,-1.414
1893-05-01,1893,5,-1.557
1893-06-01,1893,6,-1.413
1893-07-01,1893,7,-1.335
1893-08-01,1893,8,-1.104
1893-09-01,1893,9,-1.163
1893-10-01,1893,10,-1.348
1893-11-01,1893,11,-1.166
1893-12-01,1893,12,-1.117
1894-01-01,1894,1,-1.123
1894-02-01,1894,2,-1.219
1894-03-01,1894,3,-1.119
1894-04-01,1894,4,-0.847
1894-05-01,1894,5,-1.113
1894-06-01,1894,6,-0.804
1894-07-01,1894,7,-1.21
1894-08-01,1894,8,-0.924
1894-09-01,1894,9,-1.155
1894-10-01,1894,10,-1.146
1894-11-01,1894,11,-1.447
1894-12-01,1894,12,-1.199
1895-01-01,1895,1,-1.191
1895-02-01,1895,2,-0.794
1895-03-01,1895,3,-0.596
1895-04-01,1895,4,-0.314
1895-05-01,1895,5,-0.01
1895-06-01,1895,6,-0.112
1895-07-01,1895,7,0.062
1895-08-01,1895,8,0.022
1895-09-01,1895,9,-0.108
1895-10-01,1895,10,-0.08
1895-11-01,1895,11,0.015
1895-12-01,1895,12,0.198
1896-01-01,1896,1,0.16
1896-02-01,1896,2,-0.168
1896-03-01,1896,3,-0.261
1896-04-01,1896,4,-0.077
1896-05-01,1896,5,0.086
1896-06-01,1896,6,0.389
1896-07-01,1896,7,0.634
1896-08-01,1896,8,0.854
1896-09-01,1896,9,0.94
1896-10-01,1896,10,0.701
1896-11-01,1896,11,1.027
1896-12-01,1896,12,1.184
1897-01-01,1897,1,1.081
1897-02-01,1897,2,0.725
1897-03-01,1897,3,0.286
1897-04-01,1897,4,0.022
1897-05-01,1897,5,0.362
1897-06-01,1897,6,0.58
1897-07-01,1897,7,0.572
1897-08-01,1897,8,0.164
1897-09-01,1897,9,-0.197
1897-10-01,1897,10,-0.072
1897-11-01,1897,11,-0.289
1897-12-01,1897,12,-0.408
1898-01-01,1898,1,-0.187
1898-02-01,1898,2,-0.456
1898-03-01,1898,3,-0.696
1898-04-01,1898,4,-0.501
1898-05-01,1898,5,-0.581
1898-06-01,1898,6,-0.561
1898-07-01,1898,7,-0.772
1898-08-01,1898,8,-0.603
1898-09-01,1898,9,-0.476
1898-10-01,1898,10,-0.257
1898-11-01,1898,11,-0.216
1898-12-01,1898,12,-0.595
1899-01-01,1899,1,-0.76
1899-02-01,1899,2,-0.568
1899-03-01,1899,3,-0.457
1899-04-01,1899,4,-0.095
1899-05-01,1899,5,-0.021
1899-06-01,1899,6,0.013
1899-07-01,1899,7,0.186
1899-08-01,1899,8,0.607
1899-09-01,1899,9,0.83
1899-10-01,1899,10,0.894
1899-11-01,1899,11,1.317
1899-12-01,1899,12,1.461
1900-01-01,1900,1,1.458
1900-02-01,1900,2,1.115
1900-03-01,1900,3,1.024
1900-04-01,1900,4,1.244
1900-05-01,1900,5,1.077
1900-06-01,1900,6,0.956
1900-07-01,1900,7,0.821
1900-08-01,1900,8,0.624
1900-09-01,1900,9,0.069
1900-10-01,1900,10,0.347
1900-11-01,1900,11,0.638
1900-12-01,1900,12,0.69
1901-01-01,1901,1,0.761
1901-02-01,1901,2,0.411
1901-03-01,1901,3,-0.031
1901-04-01,1901,4,-0.017
1901-05-01,1901,5,-0.364
1901-06-01,1901,6,-0.536
1901-07-01,1901,7,-0.512
1901-08-01,1901,8,-0.245
1901-09-01,1901,9,-0.082
1901-10-01,1901,10,0.021
1901-11-01,1901,11,0.367
1901-12-01,1901,12,0.427
1902-01-01,1902,1,0.529
1902-02-01,1902,2,0.081
1902-03-01,1902,3,0.08
1902-04-01,1902,4,0.682
1902-05-01,1902,5,1.019
1902-06-01,1902,6,1.444
1902-07-01,1902,7,1.494
1902-08-01,1902,8,1.636
1902-09-01,1902,9,1.564
1902-10-01,1902,10,1.937
1902-11-01,1902,11,1.839
1902-12-01,1902,12,1.858
1903-01-01,1903,1,1.505
1903-02-01,1903,2,1.298
1903-03-01,1903,3,0.785
1903-04-01,1903,4,0.385
1903-05-01,1903,5,0.315
1903-06-01,1903,6,0.086
1903-07-01,1903,7,0.21
1903-08-01,1903,8,-0.087
1903-09-01,1903,9,-0.127
1903-10-01,1903,10,-0.275
1903-11-01,1903,11,-0.788
1903-12-01,1903,12,-0.775
1904-01-01,1904,1,-0.856
1904-02-01,1904,2,-0.8
1904-03-01,1904,3,-0.535
1904-04-01,1904,4,-0.132
1904-05-01,1904,5,0.131
1904-06-01,1904,6,0.195
1904-07-01,1904,7,0.529
1904-08-01,1904,8,1.011
1904-09-01,1904,9,1.031
1904-10-01,1904,10,1.044
1904-11-01,1904,11,1.24
1904-12-01,1904,12,1.626
1905-01-01,1905,1,1.577
1905-02-01,1905,2,1.044
1905-03-01,1905,3,0.721
1905-04-01,1905,4,1.385
1905-05-01,1905,5,1.525
1905-06-01,1905,6,1.554
1905-07-01,1905,7,1.611
1905-08-01,1905,8,1.498
1905-09-01,1905,9,1.662
1905-10-01,1905,10,1.145
1905-11-01,1905,11,1.247
1905-12-01,1905,12,0.88
1906-01-01,1906,1,1.166
1906-02-01,1906,2,0.723
1906-03-01,1906,3,0.427
1906-04-01,1906,4,0.361
1906-05-01,1906,5,0.487
1906-06-01,1906,6,-0.012
1906-07-01,1906,7,0.097
1906-08-01,1906,8,-0.196
1906-09-01,1906,9,-0.336
1906-10-01,1906,10,-0.144
1906-11-01,1906,11,-0.156
1906-12-01,1906,12,-0.65
1907-01-01,1907,1,-0.455
1907-02-01,1907,2,-0.528
1907-03-01,1907,3,-0.761
1907-04-01,1907,4,-0.493
1907-05-01,1907,5,0.003
1907-06-01,1907,6,0.12
1907-07-01,1907,7,0.149
1907-08-01,1907,8,0.423
1907-09-01,1907,9,0.598
1907-10-01,1907,10,0.715
1907-11-01,1907,11,0.454
1907-12-01,1907,12,0.416
1908-01-01,1908,1,0.607
1908-02-01,1908,2,0.345
1908-03-01,1908,3,-0.079
1908-04-01,1908,4,-0.213
1908-05-01,1908,5,-0.166
1908-06-01,1908,6,-0.336
1908-07-01,1908,7,-0.374
1908-08-01,1908,8,-0.159
1908-09-01,1908,9,0.006
1908-10-01,1908,10,0.041
1908-11-01,1908,11,-0.129
1908-12-01,1908,12,-0.373
1909-01-01,1909,1,-0.494
1909-02-01,1909,2,-0.329
1909-03-01,1909,3,-0.067
1909-04-01,1909,4,-0.384
1909-05-01,1909,5,-0.612
1909-06-01,1909,6,-0.534
1909-07-01,1909,7,-0.641
1909-08-01,1909,8,-0.948
1909-09-01,1909,9,-1.185
1909-10-01,1909,10,-1.2
1909-11-01,1909,11,-1.341
1909-12-01,1909,12,-1.46
1910-01-01,1910,1,-1.442
1910-02-01,1910,2,-1.33
1910-03-01,1910,3,-1.447
1910-04-01,1910,4,-1.4
1910-05-01,1910,5,-1.217
1910-06-01,1910,6,-0.557
1910-07-01,1910,7,-0.581
1910-08-01,1910,8,-0.609
1910-09-01,1910,9,-0.567
1910-10-01,1910,10,-0.789
1910-11-01,1910,11,-0.709
1910-12-01,1910,12,-0.542
1911-01-01,1911,1,-0.501
1911-02-01,1911,2,-0.519
1911-03-01,1911,3,-0.856
1911-04-01,1911,4,-0.624
1911-05-01,1911,5,-0.542
1911-06-01,1911,6,-0.203
1911-07-01,1911,7,0.231
1911-08-01,1911,8,0.452
1911-09-01,1911,9,0.208
1911-10-01,1911,10,0.564
1911-11-01,1911,11,0.555
1911-12-01,1911,12,0.714
1912-01-01,1912,1,0.687
1912-02-01,1912,2,0.657
1912-03-01,1912,3,0.582
1912-04-01,1912,4,0.615
1912-05-01,1912,5,0.551
1912-06-01,1912,6,0.342
1912-07-01,1912,7,0.116
1912-08-01,1912,8,0.323
1912-09-01,1912,9,0.261
1912-10-01,1912,10,0.04
1912-11-01,1912,11,-0.128
1912-12-01,1912,12,0.061
1913-01-01,1913,1,0.237
1913-02-01,1913,2,0.203
1913-03-01,1913,3,-0.097
1913-04-01,1913,4,-0.041
1913-05-01,1913,5,0.136
1913-06-01,1913,6,0.224
1913-07-01,1913,7,0.376
1913-08-01,1913,8,0.612
1913-09-01,1913,9,0.542
1913-10-01,1913,10,0.366
1913-11-01,1913,11,0.715
1913-12-01,1913,12,0.962
1914-01-01,1914,1,0.913
1914-02-01,1914,2,0.628
1914-03-01,1914,3,0.666
1914-04-01,1914,4,0.657
1914-05-01,1914,5,0.785
1914-06-01,1914,6,0.322
1914-07-01,1914,7,0.714
1914-08-01,1914,8,0.826
1914-09-01,1914,9,0.874
1914-10-01,1914,10,1.057
1914-11-01,1914,11,1.001
1914-12-01,1914,12,0.939
1915-01-01,1915,1,0.858
1915-02-01,1915,2,0.742
1915-03-01,1915,3,0.678
1915-04-01,1915,4,1.078
1915-05-01,1915,5,1.228
1915-06-01,1915,6,1.061
1915-07-01,1915,7,0.729
1915-08-01,1915,8,0.213
1915-09-01,1915,9,-0.328
1915-10-01,1915,10,-0.686
1915-11-01,1915,11,-0.987
1915-12-01,1915,12,-1.048
1916-01-01,1916,1,-0.842
1916-02-01,1916,2,-1.191
1916-03-01,1916,3,-0.725
1916-04-01,1916,4,-0.816
1916-05-01,1916,5,-0.337
1916-06-01,1916,6,-0.853
1916-07-01,1916,7,-1.162
1916-08-01,1916,8,-1.416
1916-09-01,1916,9,-1.687
1916-10-01,1916,10,-1.956
1916-11-01,1916,11,-2.344
1916-12-01,1916,12,-2.27
1917-01-01,1917,1,-2.041
1917-02-01,1917,2,-2.121
1917-03-01,1917,3,-2.019
1917-04-01,1917,4,-1.382
1917-05-01,1917,5,-1.24
1917-06-01,1917,6,-1.204
1917-07-01,1917,7,-1.239
1917-08-01,1917,8,-1.352
1917-09-01,1917,9,-1.527
1917-10-01,1917,10,-1.937
1917-11-01,1917,11,-1.546
1917-12-01,1917,12,-1.071
1918-01-01,1918,1,-0.839
1918-02-01,1918,2,-0.78
1918-03-01,1918,3,-0.794
1918-04-01,1918,4,-0.597
1918-05-01,1918,5,-0.135
1918-06-01,1918,6,0.251
1918-07-01,1918,7,0.235
1918-08-01,1918,8,0.32
1918-09-01,1918,9,0.591
1918-10-01,1918,10,1.293
1918-11-01,1918,11,1.637
1918-12-01,1918,12,1.604
1919-01-01,1919,1,1.382
1919-02-01,1919,2,0.833
1919-03-01,1919,3,0.634
1919-04-01,1919,4,-0.075
1919-05-01,1919,5,-0.09
1919-06-01,1919,6,0.121
1919-07-01,1919,7,0.061
1919-08-01,1919,8,-0.095
1919-09-01,1919,9,0.268
1919-10-01,1919,10,0.248
1919-11-01,1919,11,-0.006
1919-12-01,1919,12,0.565
1920-01-01,1920,1,0.472
1920-02-01,1920,2,0.394
1920-03-01,1920,3,0.218
1920-04-01,1920,4,0.186
1920-05-01,1920,5,0.101
1920-06-01,1920,6,0.118
1920-07-01,1920,7,-0.022
1920-08-01,1920,8,0.024
1920-09-01,1920,9,-0.061
1920-10-01,1920,10,-0.364
1920-11-01,1920,11,-0.126
1920-12-01,1920,12,-0.301
1921-01-01,1921,1,-0.36
1921-02-01,1921,2,-0.919
1921-03-01,1921,3,-1.195
1921-04-01,1921,4,-0.971
1921-05-01,1921,5,-0.487
1921-06-01,1921,6,-0.609
1921-07-01,1921,7,-0.358
1921-08-01,1921,8,-0.138
1921-09-01,1921,9,-0.206
1921-10-01,1921,10,0.144
1921-11-01,1921,11,0.276
1921-12-01,1921,12,0.069
1922-01-01,1922,1,-0.045
1922-02-01,1922,2,-0.598
1922-03-01,1922,3,-0.373
1922-04-01,1922,4,-0.516
1922-05-01,1922,5,-0.199
1922-06-01,1922,6,-0.607
1922-07-01,1922,7,-0.753
1922-08-01,1922,8,-0.635
1922-09-01,1922,9,-0.827
1922-10-01,1922,10,-0.783
1922-11-01,1922,11,-0.761
1922-12-01,1922,12,-0.651
1923-01-01,1923,1,-0.572
1923-02-01,1923,2,-0.639
1923-03-01,1923,3,-0.269
1923-04-01,1923,4,-0.035
1923-05-01,1923,5,0.176
1923-06-01,1923,6,-0.099
1923-07-01,1923,7,0.201
1923-08-01,1923,8,0.321
1923-09-01,1923,9,0.315
1923-10-01,1923,10,0.456
1923-11-01,1923,11,0.284
1923-12-01,1923,12,0.177
1924-01-01,1924,1,-0.054
1924-02-01,1924,2,-0.342
1924-03-01,1924,3,-0.378
1924-04-01,1924,4,-0.535
1924-05-01,1924,5,-0.48
1924-06-01,1924,6,-0.725
1924-07-01,1924,7,-0.871
1924-08-01,1924,8,-1.101
1924-09-01,1924,9,-1.262
1924-10-01,1924,10,-1.273
1924-11-01,1924,11,-1.215
1924-12-01,1924,12,-0.904
1925-01-01,1925,1,-1.007
1925-02-01,1925,2,-0.99
1925-03-01,1925,3,-0.693
1925-04-01,1925,4,-0.474
1925-05-01,1925,5,-0.541
1925-06-01,1925,6,-0.345
1925-07-01,1925,7,-0.01
1925-08-01,1925,8,0.388
1925-09-01,1925,9,0.451
1925-10-01,1925,10,0.695
1925-11-01,1925,11,1.001
1925-12-01,1925,12,1.142
1926-01-01,1926,1,0.999
1926-02-01,1926,2,1.121
1926-03-01,1926,3,1.149
1926-04-01,1926,4,1.185
1926-05-01,1926,5,1.159
1926-06-01,1926,6,0.773
1926-07-01,1926,7,0.668
1926-08-01,1926,8,0.517
1926-09-01,1926,9,-0.04
1926-10-01,1926,10,-0.494
1926-11-01,1926,11,-0.225
1926-12-01,1926,12,-0.067
1927-01-01,1927,1,-0.192
1927-02-01,1927,2,-0.056
1927-03-01,1927,3,-0.264
1927-04-01,1927,4,-0.395
1927-05-01,1927,5,-0.217
1927-06-01,1927,6,0.005
1927-07-01,1927,7,-0.168
1927-08-01,1927,8,-0.094
1927-09-01,1927,9,0.165
1927-10-01,1927,10,0.006
1927-11-01,1927,11,0.114
1927-12-01,1927,12,0.248
1928-01-01,1928,1,0.439
1928-02-01,1928,2,0.32
1928-03-01,1928,3,0.138
1928-04-01,1928,4,0.145
1928-05-01,1928,5,0.192
1928-06-01,1928,6,0.165
1928-07-01,1928,7,0.043
1928-08-01,1928,8,-0.025
1928-09-01,1928,9,-0.303
1928-10-01,1928,10,-0.419
1928-11-01,1928,11,-0.085
1928-12-01,1928,12,-0.124
1929-01-01,1929,1,-0.202
1929-02-01,1929,2,-0.275
1929-03-01,1929,3,-0.209
1929-04-01,1929,4,0.012
1929-05-01,1929,5,-0.084
1929-06-01,1929,6,0.1
1929-07-01,1929,7,0.133
1929-08-01,1929,8,0.155
1929-09-01,1929,9,0.277
1929-10-01,1929,10,0.308
1929-11-01,1929,11,0.113
1929-12-01,1929,12,0.574
1930-01-01,1930,1,0.462
1930-02-01,1930,2,0.3
1930-03-01,1930,3,0.515
1930-04-01,1930,4,0.405
1930-05-01,1930,5,0.295
1930-06-01,1930,6,0.507
1930-07-01,1930,7,0.828
1930-08-01,1930,8,1.007
1930-09-01,1930,9,1.298
1930-10-01,1930,10,1.251
1930-11-01,1930,11,1.394
1930-12-01,1930,12,1.526
1931-01-01,1931,1,1.394
1931-02-01,1931,2,1.309
1931-03-01,1931,3,1.118
1931-04-01,1931,4,1.181
1931-05-01,1931,5,0.973
1931-06-01,1931,6,0.776
1931-07-01,1931,7,0.78
1931-08-01,1931,8,0.416
1931-09-01,1931,9,0.185
1931-10-01,1931,10,-0.028
1931-11-01,1931,11,-0.335
1931-12-01,1931,12,-0.393
1932-01-01,1932,1,-0.386
1932-02-01,1932,2,-0.29
1932-03-01,1932,3,0.039
1932-04-01,1932,4,0.531
1932-05-01,1932,5,0.458
1932-06-01,1932,6,0.385
1932-07-01,1932,7,0.501
1932-08-01,1932,8,0.436
1932-09-01,1932,9,0.027
1932-10-01,1932,10,-0.164
1932-11-01,1932,11,-0.218
1932-12-01,1932,12,-0.115
1933-01-01,1933,1,-0.314
1933-02-01,1933,2,-0.382
1933-03-01,1933,3,-0.503
1933-04-01,1933,4,-0.416
1933-05-01,1933,5,-0.398
1933-06-01,1933,6,-0.615
1933-07-01,1933,7,-0.884
1933-08-01,1933,8,-0.94
1933-09-01,1933,9,-1.072
1933-10-01,1933,10,-1.118
1933-11-01,1933,11,-0.971
1933-12-01,1933,12,-0.857
1934-01-01,1934,1,-0.624
1934-02-01,1934,2,-0.484
1934-03-01,1934,3,-0.294
1934-04-01,1934,4,0.006
1934-05-01,1934,5,0.083
1934-06-01,1934,6,0.019
1934-07-01,1934,7,0.032
1934-08-01,1934,8,0.225
1934-09-01,1934,9,0.01
1934-10-01,1934,10,0.23
1934-11-01,1934,11,0.054
1934-12-01,1934,12,-0.261
1935-01-01,1935,1,-0.675
1935-02-01,1935,2,-0.716
1935-03-01,1935,3,-0.477
1935-04-01,1935,4,-0.357
1935-05-01,1935,5,0.059
1935-06-01,1935,6,0.124
1935-07-01,1935,7,-0.033
1935-08-01,1935,8,0.165
1935-09-01,1935,9,0.226
1935-10-01,1935,10,0.227
1935-11-01,1935,11,0.239
1935-12-01,1935,12,0.19
1936-01-01,1936,1,0.147
1936-02-01,1936,2,0.179
1936-03-01,1936,3,0.067
1936-04-01,1936,4,0.397
1936-05-01,1936,5,0.472
1936-06-01,1936,6,0.414
1936-07-01,1936,7,0.46
1936-08-01,1936,8,0.285
1936-09-01,1936,9,0.186
1936-10-01,1936,10,0.082
1936-11-01,1936,11,0.081
1936-12-01,1936,12,-0.227
1937-01-01,1937,1,-0.336
1937-02-01,1937,2,-0.004
1937-03-01,1937,3,0.164
1937-04-01,1937,4,-0.165
1937-05-01,1937,5,0.003
1937-06-01,1937,6,0.407
1937-07-01,1937,7,-0.003
1937-08-01,1937,8,0.13
1937-09-01,1937,9,0.007
1937-10-01,1937,10,0.058
1937-11-01,1937,11,0.13
1937-12-01,1937,12,-0.184
1938-01-01,1938,1,-0.609
1938-02-01,1938,2,-0.962
1938-03-01,1938,3,-1.041
1938-04-01,1938,4,-1.118
1938-05-01,1938,5,-1.098
1938-06-01,1938,6,-1.159
1938-07-01,1938,7,-1.407
1938-08-01,1938,8,-1.367
1938-09-01,1938,9,-1.066
1938-10-01,1938,10,-0.582
1938-11-01,1938,11,-0.771
1938-12-01,1938,12,-0.604
1939-01-01,1939,1,-0.488
1939-02-01,1939,2,-0.665
1939-03-01,1939,3,-0.432
1939-04-01,1939,4,-0.03
1939-05-01,1939,5,0.098
1939-06-01,1939,6,0.285
1939-07-01,1939,7,0.214
1939-08-01,1939,8,0.497
1939-09-01,1939,9,0.15
1939-10-01,1939,10,0.089
1939-11-01,1939,11,-0.049
1939-12-01,1939,12,0.693
1940-01-01,1940,1,1.469
1940-02-01,1940,2,1.442
1940-03-01,1940,3,1.48
1940-04-01,1940,4,1.207
1940-05-01,1940,5,1.079
1940-06-01,1940,6,1.272
1940-07-01,1940,7,1.025
1940-08-01,1940,8,1.172
1940-09-01,1940,9,1.044
1940-10-01,1940,10,0.821
1940-11-01,1940,11,1.374
1940-12-01,1940,12,1.821
1941-01-01,1941,1,1.757
1941-02-01,1941,2,1.861
1941-03-01,1941,3,1.391
1941-04-01,1941,4,1.215
1941-05-01,1941,5,1.238
1941-06-01,1941,6,1.454
1941-07-01,1941,7,1.048
1941-08-01,1941,8,1.159
1941-09-01,1941,9,1.003
1941-10-01,1941,10,1.169
1941-11-01,1941,11,1.198
1941-12-01,1941,12,1.279
1942-01-01,1942,1,1.102
1942-02-01,1942,2,0.613
1942-03-01,1942,3,0.455
1942-04-01,1942,4,0.288
1942-05-01,1942,5,-0.005
1942-06-01,1942,6,-0.105
1942-07-01,1942,7,-0.721
1942-08-01,1942,8,-0.938
1942-09-01,1942,9,-1.479
1942-10-01,1942,10,-1.377
1942-11-01,1942,11,-1.407
1942-12-01,1942,12,-1.404
1943-01-01,1943,1,-1.681
1943-02-01,1943,2,-1.251
1943-03-01,1943,3,-1.017
1943-04-01,1943,4,-0.537
1943-05-01,1943,5,-0.351
1943-06-01,1943,6,-0.367
1943-07-01,1943,7,-0.447
1943-08-01,1943,8,-0.672
1943-09-01,1943,9,-0.9
1943-10-01,1943,10,-1.077
1943-11-01,1943,11,-0.999
1943-12-01,1943,12,-0.725
1944-01-01,1944,1,-0.593
1944-02-01,1944,2,-0.325
1944-03-01,1944,3,-0.144
1944-04-01,1944,4,0.096
1944-05-01,1944,5,-0.314
1944-06-01,1944,6,-0.464
1944-07-01,1944,7,-0.248
1944-08-01,1944,8,-0.15
1944-09-01,1944,9,-0.458
1944-10-01,1944,10,-0.561
1944-11-01,1944,11,-0.485
1944-12-01,1944,12,-0.541
1945-01-01,1945,1,-0.642
1945-02-01,1945,2,-0.712
1945-03-01,1945,3,-0.727
1945-04-01,1945,4,-0.59
1945-05-01,1945,5,-0.121
1945-06-01,1945,6,-0.149
1945-07-01,1945,7,-0.169
1945-08-01,1945,8,-0.248
1945-09-01,1945,9,-0.279
1945-10-01,1945,10,-1.04
1945-11-01,1945,11,-0.318
1945-12-01,1945,12,-0.398
1946-01-01,1946,1,-0.25
1946-02-01,1946,2,-0.394
1946-03-01,1946,3,-0.284
1946-04-01,1946,4,-0.111
1946-05-01,1946,5,-0.16
1946-06-01,1946,6,-0.438
1946-07-01,1946,7,-0.471
1946-08-01,1946,8,-0.651
1946-09-01,1946,9,-0.488
1946-10-01,1946,10,-0.348
1946-11-01,1946,11,-0.139
1946-12-01,1946,12,0.389
1947-01-01,1947,1,0.479
1947-02-01,1947,2,0.72
1947-03-01,1947,3,0.608
1947-04-01,1947,4,0.001
1947-05-01,1947,5,-0.038
1947-06-01,1947,6,0.159
1947-07-01,1947,7,-0.014
1947-08-01,1947,8,-0.212
1947-09-01,1947,9,-0.238
1947-10-01,1947,10,-0.402
1947-11-01,1947,11,-0.501
1947-12-01,1947,12,0.235
1948-01-01,1948,1,0.092
1948-02-01,1948,2,0.108
1948-03-01,1948,3,-0.95
1948-04-01,1948,4,0.045
1948-05-01,1948,5,-0.038
1948-06-01,1948,6,-0.153
1948-07-01,1948,7,-0.554
1948-08-01,1948,8,-0.574
1948-09-01,1948,9,-0.626
1948-10-01,1948,10,-0.882
1948-11-01,1948,11,-0.644
1948-12-01,1948,12,-0.483
1949-01-01,1949,1,-0.608
1949-02-01,1949,2,-0.697
1949-03-01,1949,3,-0.498
1949-04-01,1949,4,-0.304
1949-05-01,1949,5,-0.504
1949-06-01,1949,6,-0.565
1949-07-01,1949,7,-0.633
1949-08-01,1949,8,-0.623
1949-09-01,1949,9,-0.954
1949-10-01,1949,10,-1.474
1949-11-01,1949,11,-1.407
1949-12-01,1949,12,-1.355
1950-01-01,1950,1,-1.435
1950-02-01,1950,2,-1.411
1950-03-01,1950,3,-1.074
1950-04-01,1950,4,-1.234
1950-05-01,1950,5,-1.603
1950-06-01,1950,6,-1.198
1950-07-01,1950,7,-1.422
1950-08-01,1950,8,-1.093
1950-09-01,1950,9,-1.284
1950-10-01,1950,10,-1.357
1950-11-01,1950,11,-1.401
1950-12-01,1950,12,-1.212
1951-01-01,1951,1,-0.946
1951-02-01,1951,2,-0.921
1951-03-01,1951,3,-0.685
1951-04-01,1951,4,-0.32
1951-05-01,1951,5,-0.051
1951-06-01,1951,6,-0.037
1951-07-01,1951,7,0.491
1951-08-01,1951,8,0.082
1951-09-01,1951,9,0.406
1951-10-01,1951,10,0.458
1951-11-01,1951,11,0.68
1951-12-01,1951,12,0.301
1952-01-01,1952,1,-0.036
1952-02-01,1952,2,-0.152
1952-03-01,1952,3,-0.202
1952-04-01,1952,4,-0.056
1952-05-01,1952,5,-0.227
1952-06-01,1952,6,-0.484
1952-07-01,1952,7,-0.528
1952-08-01,1952,8,-0.449
1952-09-01,1952,9,-0.425
1952-10-01,1952,10,-0.503
1952-11-01,1952,11,-0.656
1952-12-01,1952,12,-0.464
1953-01-01,1953,1,0.038
1953-02-01,1953,2,0.205
1953-03-01,1953,3,0.118
1953-04-01,1953,4,0.263
1953-05-01,1953,5,0.284
1953-06-01,1953,6,0.486
1953-07-01,1953,7,0.302
1953-08-01,1953,8,0.176
1953-09-01,1953,9,0.116
1953-10-01,1953,10,0.071
1953-11-01,1953,11,0.004
1953-12-01,1953,12,0.231
1954-01-01,1954,1,-0.117
1954-02-01,1954,2,-0.1
1954-03-01,1954,3,-0.347
1954-04-01,1954,4,-0.817
1954-05-01,1954,5,-0.758
1954-06-01,1954,6,-0.454
1954-07-01,1954,7,-0.59
1954-08-01,1954,8,-0.702
1954-09-01,1954,9,-1.001
1954-10-01,1954,10,-0.975
1954-11-01,1954,11,-0.741
1954-12-01,1954,12,-0.854
1955-01-01,1955,1,-0.508
1955-02-01,1955,2,-0.737
1955-03-01,1955,3,-0.955
1955-04-01,1955,4,-1.197
1955-05-01,1955,5,-1.365
1955-06-01,1955,6,-1.26
1955-07-01,1955,7,-1.161
1955-08-01,1955,8,-1.228
1955-09-01,1955,9,-1.389
1955-10-01,1955,10,-2.142
1955-11-01,1955,11,-2.032
1955-12-01,1955,12,-1.727
1956-01-01,1956,1,-1.309
1956-02-01,1956,2,-1.035
1956-03-01,1956,3,-1.079
1956-04-01,1956,4,-1.107
1956-05-01,1956,5,-1.228
1956-06-01,1956,6,-1.217
1956-07-01,1956,7,-1.102
1956-08-01,1956,8,-1.002
1956-09-01,1956,9,-0.978
1956-10-01,1956,10,-1.217
1956-11-01,1956,11,-1.324
1956-12-01,1956,12,-0.979
1957-01-01,1957,1,-0.69
1957-02-01,1957,2,-0.423
1957-03-01,1957,3,0.071
1957-04-01,1957,4,0.194
1957-05-01,1957,5,0.324
1957-06-01,1957,6,0.609
1957-07-01,1957,7,0.483
1957-08-01,1957,8,0.51
1957-09-01,1957,9,0.601
1957-10-01,1957,10,0.83
1957-11-01,1957,11,0.906
1957-12-01,1957,12,0.943
1958-01-01,1958,1,1.266
1958-02-01,1958,2,1.041
1958-03-01,1958,3,0.664
1958-04-01,1958,4,0.585
1958-05-01,1958,5,0.694
1958-06-01,1958,6,0.605
1958-07-01,1958,7,0.343
1958-08-01,1958,8,0.329
1958-09-01,1958,9,0.177
1958-10-01,1958,10,0.015
1958-11-01,1958,11,0.199
1958-12-01,1958,12,0.387
1959-01-01,1959,1,0.358
1959-02-01,1959,2,0.161
1959-03-01,1959,3,-0.02
1959-04-01,1959,4,0.147
1959-05-01,1959,5,0.063
1959-06-01,1959,6,0.096
1959-07-01,1959,7,-0.242
1959-08-01,1959,8,-0.191
1959-09-01,1959,9,-0.322
1959-10-01,1959,10,0.047
1959-11-01,1959,11,-0.07
1959-12-01,1959,12,-0.191
1960-01-01,1960,1,-0.084
1960-02-01,1960,2,-0.155
1960-03-01,1960,3,0.021
1960-04-01,1960,4,0.127
1960-05-01,1960,5,-0.048
1960-06-01,1960,6,-0.121
1960-07-01,1960,7,-0.396
1960-08-01,1960,8,-0.139
1960-09-01,1960,9,-0.397
1960-10-01,1960,10,-0.335
1960-11-01,1960,11,-0.359
1960-12-01,1960,12,-0.066
1961-01-01,1961,1,0.182
1961-02-01,1961,2,0.222
1961-03-01,1961,3,-0.03
1961-04-01,1961,4,0.017
1961-05-01,1961,5,-0.324
1961-06-01,1961,6,-0.288
1961-07-01,1961,7,-0.661
1961-08-01,1961,8,-0.695
1961-09-01,1961,9,-0.862
1961-10-01,1961,10,-0.992
1961-11-01,1961,11,-0.517
1961-12-01,1961,12,-0.678
1962-01-01,1962,1,-0.68
1962-02-01,1962,2,-0.524
1962-03-01,1962,3,-0.616
1962-04-01,1962,4,-0.685
1962-05-01,1962,5,-1.008
1962-06-01,1962,6,-0.978
1962-07-01,1962,7,-0.874
1962-08-01,1962,8,-0.496
1962-09-01,1962,9,-0.83
1962-10-01,1962,10,-0.886
1962-11-01,1962,11,-0.689
1962-12-01,1962,12,-0.653
1963-01-01,1963,1,-0.389
1963-02-01,1963,2,-0.308
1963-03-01,1963,3,-0.038
1963-04-01,1963,4,0.145
1963-05-01,1963,5,-0.279
1963-06-01,1963,6,-0.213
1963-07-01,1963,7,0.076
1963-08-01,1963,8,0.244
1963-09-01,1963,9,0.558
1963-10-01,1963,10,0.551
1963-11-01,1963,11,0.544
1963-12-01,1963,12,0.707
1964-01-01,1964,1,0.534
1964-02-01,1964,2,0.142
1964-03-01,1964,3,-0.21
1964-04-01,1964,4,-0.505
1964-05-01,1964,5,-0.976
1964-06-01,1964,6,-0.789
1964-07-01,1964,7,-0.804
1964-08-01,1964,8,-1.179
1964-09-01,1964,9,-1.037
1964-10-01,1964,10,-1.002
1964-11-01,1964,11,-0.852
1964-12-01,1964,12,-0.843
1965-01-01,1965,1,-0.586
1965-02-01,1965,2,-0.119
1965-03-01,1965,3,0.102
1965-04-01,1965,4,0.223
1965-05-01,1965,5,0.497
1965-06-01,1965,6,0.539
1965-07-01,1965,7,0.594
1965-08-01,1965,8,0.988
1965-09-01,1965,9,1.031
1965-10-01,1965,10,1.248
1965-11-01,1965,11,1.308
1965-12-01,1965,12,1.15
1966-01-01,1966,1,0.898
1966-02-01,1966,2,0.585
1966-03-01,1966,3,0.385
1966-04-01,1966,4,0.304
1966-05-01,1966,5,-0.048
1966-06-01,1966,6,0.174
1966-07-01,1966,7,0.205
1966-08-01,1966,8,0.184
1966-09-01,1966,9,-0.088
1966-10-01,1966,10,-0.077
1966-11-01,1966,11,0.043
1966-12-01,1966,12,-0.081
1967-01-01,1967,1,-0.272
1967-02-01,1967,2,-0.381
1967-03-01,1967,3,-0.615
1967-04-01,1967,4,-0.32
1967-05-01,1967,5,-0.261
1967-06-01,1967,6,-0.206
1967-07-01,1967,7,-0.383
1967-08-01,1967,8,-0.745
1967-09-01,1967,9,-0.913
1967-10-01,1967,10,-0.839
1967-11-01,1967,11,-0.589
1967-12-01,1967,12,-0.507
1968-01-01,1968,1,-0.657
1968-02-01,1968,2,-0.516
1968-03-01,1968,3,-0.669
1968-04-01,1968,4,-0.538
1968-05-01,1968,5,-0.734
1968-06-01,1968,6,-0.164
1968-07-01,1968,7,-0.017
1968-08-01,1968,8,-0.127
1968-09-01,1968,9,-0.022
1968-10-01,1968,10,0.251
1968-11-01,1968,11,0.47
1968-12-01,1968,12,0.729
1969-01-01,1969,1,0.693
1969-02-01,1969,2,0.687
1969-03-01,1969,3,0.392
1969-04-01,1969,4,0.36
1969-05-01,1969,5,0.422
1969-06-01,1969,6,0.523
1969-07-01,1969,7,0.209
1969-08-01,1969,8,0.354
1969-09-01,1969,9,0.366
1969-10-01,1969,10,0.911
1969-11-01,1969,11,0.851
1969-12-01,1969,12,0.698
1970-01-01,1970,1,0.376
1970-02-01,1970,2,0.329
1970-03-01,1970,3,-0.006
1970-04-01,1970,4,-0.1
1970-05-01,1970,5,-0.404
1970-06-01,1970,6,-0.486
1970-07-01,1970,7,-0.874
1970-08-01,1970,8,-1.203
1970-09-01,1970,9,-1.108
1970-10-01,1970,10,-1.072
1970-11-01,1970,11,-1.144
1970-12-01,1970,12,-1.142
1971-01-01,1971,1,-1.398
1971-02-01,1971,2,-1.295
1971-03-01,1971,3,-1.174
1971-04-01,1971,4,-1.008
1971-05-01,1971,5,-1.072
1971-06-01,1971,6,-1.255
1971-07-01,1971,7,-1.308
1971-08-01,1971,8,-1.195
1971-09-01,1971,9,-0.994
1971-10-01,1971,10,-1.137
1971-11-01,1971,11,-1.087
1971-12-01,1971,12,-1.073
1972-01-01,1972,1,-0.492
1972-02-01,1972,2,-0.166
1972-03-01,1972,3,-0.151
1972-04-01,1972,4,0.12
1972-05-01,1972,5,0.069
1972-06-01,1972,6,0.357
1972-07-01,1972,7,0.543
1972-08-01,1972,8,0.854
1972-09-01,1972,9,0.805
1972-10-01,1972,10,1.05
1972-11-01,1972,11,1.101
1972-12-01,1972,12,1.415
1973-01-01,1973,1,1.121
1973-02-01,1973,2,0.437
1973-03-01,1973,3,0.062
1973-04-01,1973,4,-0.435
1973-05-01,1973,5,-0.712
1973-06-01,1973,6,-0.885
1973-07-01,1973,7,-1.023
1973-08-01,1973,8,-1.187
1973-09-01,1973,9,-1.321
1973-10-01,1973,10,-1.485
1973-11-01,1973,11,-1.669
1973-12-01,1973,12,-1.75
1974-01-01,1974,1,-1.674
1974-02-01,1974,2,-1.427
1974-03-01,1974,3,-0.964
1974-04-01,1974,4,-0.797
1974-05-01,1974,5,-0.841
1974-06-01,1974,6,-0.83
1974-07-01,1974,7,-0.665
1974-08-01,1974,8,-0.573
1974-09-01,1974,9,-0.789
1974-10-01,1974,10,-1.07
1974-11-01,1974,11,-0.924
1974-12-01,1974,12,-0.992
1975-01-01,1975,1,-0.845
1975-02-01,1975,2,-0.61
1975-03-01,1975,3,-0.94
1975-04-01,1975,4,-0.898
1975-05-01,1975,5,-1.233
1975-06-01,1975,6,-1.197
1975-07-01,1975,7,-1.084
1975-08-01,1975,8,-1.206
1975-09-01,1975,9,-1.517
1975-10-01,1975,10,-1.635
1975-11-01,1975,11,-1.506
1975-12-01,1975,12,-1.656
1976-01-01,1976,1,-1.597
1976-02-01,1976,2,-0.911
1976-03-01,1976,3,-0.757
1976-04-01,1976,4,-0.725
1976-05-01,1976,5,-0.424
1976-06-01,1976,6,-0.016
1976-07-01,1976,7,0.33
1976-08-01,1976,8,0.517
1976-09-01,1976,9,0.545
1976-10-01,1976,10,0.864
1976-11-01,1976,11,0.776
1976-12-01,1976,12,0.479
1977-01-01,1977,1,0.654
1977-02-01,1977,2,0.537
1977-03-01,1977,3,0.228
1977-04-01,1977,4,-0.163
1977-05-01,1977,5,0.063
1977-06-01,1977,6,0.364
1977-07-01,1977,7,0.388
1977-08-01,1977,8,0.265
1977-09-01,1977,9,0.258
1977-10-01,1977,10,0.494
1977-11-01,1977,11,0.596
1977-12-01,1977,12,0.598
1978-01-01,1978,1,0.66
1978-02-01,1978,2,0.357
1978-03-01,1978,3,0.286
1978-04-01,1978,4,-0.058
1978-05-01,1978,5,-0.14
1978-06-01,1978,6,-0.332
1978-07-01,1978,7,-0.459
1978-08-01,1978,8,-0.533
1978-09-01,1978,9,-0.395
1978-10-01,1978,10,-0.012
1978-11-01,1978,11,0.098
1978-12-01,1978,12,0.017
1979-01-01,1979,1,-0.021
1979-02-01,1979,2,-0.273
1979-03-01,1979,3,-0.191
1979-04-01,1979,4,0.166
1979-05-01,1979,5,0.341
1979-06-01,1979,6,0.2
1979-07-01,1979,7,0.16
1979-08-01,1979,8,0.044
1979-09-01,1979,9,0.349
1979-10-01,1979,10,0.363
1979-11-01,1979,11,0.436
1979-12-01,1979,12,0.42
1980-01-01,1980,1,0.478
1980-02-01,1980,2,0.33
1980-03-01,1980,3,0.223
1980-04-01,1980,4,0.479
1980-05-01,1980,5,0.58
1980-06-01,1980,6,0.289
1980-07-01,1980,7,0.215
1980-08-01,1980,8,0.111
1980-09-01,1980,9,0.101
1980-10-01,1980,10,0.24
1980-11-01,1980,11,0.317
1980-12-01,1980,12,0.363
1981-01-01,1981,1,0.076
1981-02-01,1981,2,-0.098
1981-03-01,1981,3,-0.112
1981-04-01,1981,4,-0.181
1981-05-01,1981,5,-0.193
1981-06-01,1981,6,-0.153
1981-07-01,1981,7,-0.266
1981-08-01,1981,8,-0.204
1981-09-01,1981,9,-0.012
1981-10-01,1981,10,0.131
1981-11-01,1981,11,0.232
1981-12-01,1981,12,0.147
1982-01-01,1982,1,0.115
1982-02-01,1982,2,0.211
1982-03-01,1982,3,0.208
1982-04-01,1982,4,0.382
1982-05-01,1982,5,0.441
1982-06-01,1982,6,0.656
1982-07-01,1982,7,0.762
1982-08-01,1982,8,0.921
1982-09-01,1982,9,1.415
1982-10-01,1982,10,1.687
1982-11-01,1982,11,1.545
1982-12-01,1982,12,1.754
1983-01-01,1983,1,1.852
1983-02-01,1983,2,1.783
1983-03-01,1983,3,1.62
1983-04-01,1983,4,1.286
1983-05-01,1983,5,1.259
1983-06-01,1983,6,1.347
1983-07-01,1983,7,1.219
1983-08-01,1983,8,0.88
1983-09-01,1983,9,0.261
1983-10-01,1983,10,-0.06
1983-11-01,1983,11,-0.27
1983-12-01,1983,12,0.058
1984-01-01,1984,1,0.107
1984-02-01,1984,2,0.137
1984-03-01,1984,3,0.103
1984-04-01,1984,4,-0.082
1984-05-01,1984,5,-0.29
1984-06-01,1984,6,-0.42
1984-07-01,1984,7,-0.379
1984-08-01,1984,8,-0.217
1984-09-01,1984,9,-0.185
1984-10-01,1984,10,-0.09
1984-11-01,1984,11,-0.423
1984-12-01,1984,12,-0.766
1985-01-01,1985,1,-0.692
1985-02-01,1985,2,-0.568
1985-03-01,1985,3,-0.633
1985-04-01,1985,4,-0.632
1985-05-01,1985,5,-0.571
1985-06-01,1985,6,-0.271
1985-07-01,1985,7,-0.228
1985-08-01,1985,8,-0.234
1985-09-01,1985,9,-0.267
1985-10-01,1985,10,-0.256
1985-11-01,1985,11,-0.254
1985-12-01,1985,12,-0.237
1986-01-01,1986,1,-0.293
1986-02-01,1986,2,-0.017
1986-03-01,1986,3,0.156
1986-04-01,1986,4,0.149
1986-05-01,1986,5,0.008
1986-06-01,1986,6,0.114
1986-07-01,1986,7,0.464
1986-08-01,1986,8,0.513
1986-09-01,1986,9,0.515
1986-10-01,1986,10,0.609
1986-11-01,1986,11,1.008
1986-12-01,1986,12,1.059
1987-01-01,1987,1,0.825
1987-02-01,1987,2,0.996
1987-03-01,1987,3,1.145
1987-04-01,1987,4,1.0
1987-05-01,1987,5,1.094
1987-06-01,1987,6,1.116
1987-07-01,1987,7,1.461
1987-08-01,1987,8,1.487
1987-09-01,1987,9,1.628
1987-10-01,1987,10,1.409
1987-11-01,1987,11,1.193
1987-12-01,1987,12,1.09
1988-01-01,1988,1,0.657
1988-02-01,1988,2,0.189
1988-03-01,1988,3,0.251
1988-04-01,1988,4,-0.021
1988-05-01,1988,5,-0.427
1988-06-01,1988,6,-0.893
1988-07-01,1988,7,-1.062
1988-08-01,1988,8,-0.889
1988-09-01,1988,9,-0.87
1988-10-01,1988,10,-1.399
1988-11-01,1988,11,-1.29
1988-12-01,1988,12,-1.355
1989-01-01,1989,1,-1.476
1989-02-01,1989,2,-1.111
1989-03-01,1989,3,-0.957
1989-04-01,1989,4,-0.724
1989-05-01,1989,5,-0.673
1989-06-01,1989,6,-0.42
1989-07-01,1989,7,-0.34
1989-08-01,1989,8,-0.512
1989-09-01,1989,9,-0.534
1989-10-01,1989,10,-0.542
1989-11-01,1989,11,-0.62
1989-12-01,1989,12,-0.078
1990-01-01,1990,1,-0.05
1990-02-01,1990,2,-0.023
1990-03-01,1990,3,-0.202
1990-04-01,1990,4,0.123
1990-05-01,1990,5,-0.037
1990-06-01,1990,6,-0.062
1990-07-01,1990,7,-0.031
1990-08-01,1990,8,0.161
1990-09-01,1990,9,0.044
1990-10-01,1990,10,-0.05
1990-11-01,1990,11,-0.202
1990-12-01,1990,12,-0.188
1991-01-01,1991,1,0.054
1991-02-01,1991,2,0.041
1991-03-01,1991,3,0.053
1991-04-01,1991,4,-0.004
1991-05-01,1991,5,0.187
1991-06-01,1991,6,0.277
1991-07-01,1991,7,0.454
1991-08-01,1991,8,0.5
1991-09-01,1991,9,0.639
1991-10-01,1991,10,0.793
1991-11-01,1991,11,0.901
1991-12-01,1991,12,1.0
1992-01-01,1992,1,1.058
1992-02-01,1992,2,0.997
1992-03-01,1992,3,0.981
1992-04-01,1992,4,1.206
1992-05-01,1992,5,1.429
1992-06-01,1992,6,1.082
1992-07-01,1992,7,0.726
1992-08-01,1992,8,0.574
1992-09-01,1992,9,0.511
1992-10-01,1992,10,0.543
1992-11-01,1992,11,0.402
1992-12-01,1992,12,0.376
1993-01-01,1993,1,0.514
1993-02-01,1993,2,0.699
1993-03-01,1993,3,0.77
1993-04-01,1993,4,1.027
1993-05-01,1993,5,1.161
1993-06-01,1993,6,1.016
1993-07-01,1993,7,0.676
1993-08-01,1993,8,0.743
1993-09-01,1993,9,0.761
1993-10-01,1993,10,0.721
1993-11-01,1993,11,0.667
1993-12-01,1993,12,0.71
1994-01-01,1994,1,0.468
1994-02-01,1994,2,0.23
1994-03-01,1994,3,0.258
1994-04-01,1994,4,0.614
1994-05-01,1994,5,0.654
1994-06-01,1994,6,0.618
1994-07-01,1994,7,0.401
1994-08-01,1994,8,0.255
1994-09-01,1994,9,0.32
1994-10-01,1994,10,0.66
1994-11-01,1994,11,0.657
1994-12-01,1994,12,0.691
1995-01-01,1995,1,0.81
1995-02-01,1995,2,0.682
1995-03-01,1995,3,0.606
1995-04-01,1995,4,0.379
1995-05-01,1995,5,0.351
1995-06-01,1995,6,0.471
1995-07-01,1995,7,0.333
1995-08-01,1995,8,-0.163
1995-09-01,1995,9,-0.192
1995-10-01,1995,10,-0.377
1995-11-01,1995,11,-0.568
1995-12-01,1995,12,-0.501
1996-01-01,1996,1,-0.343
1996-02-01,1996,2,-0.296
1996-03-01,1996,3,-0.147
1996-04-01,1996,4,-0.316
1996-05-01,1996,5,-0.127
1996-06-01,1996,6,-0.063
1996-07-01,1996,7,-0.208
1996-08-01,1996,8,-0.245
1996-09-01,1996,9,-0.171
1996-10-01,1996,10,-0.018
1996-11-01,1996,11,0.067
1996-12-01,1996,12,-0.297
1997-01-01,1997,1,0.087
1997-02-01,1997,2,-0.141
1997-03-01,1997,3,0.018
1997-04-01,1997,4,0.394
1997-05-01,1997,5,0.792
1997-06-01,1997,6,1.152
1997-07-01,1997,7,1.306
1997-08-01,1997,8,1.633
1997-09-01,1997,9,1.749
1997-10-01,1997,10,1.971
1997-11-01,1997,11,2.031
1997-12-01,1997,12,1.863
1998-01-01,1998,1,1.963
1998-02-01,1998,2,1.626
1998-03-01,1998,3,1.253
1998-04-01,1998,4,0.684
1998-05-01,1998,5,0.345
1998-06-01,1998,6,-0.102
1998-07-01,1998,7,-0.466
1998-08-01,1998,8,-0.449
1998-09-01,1998,9,-0.755
1998-10-01,1998,10,-1.15
1998-11-01,1998,11,-1.083
1998-12-01,1998,12,-1.169
1999-01-01,1999,1,-1.281
1999-02-01,1999,2,-1.213
1999-03-01,1999,3,-1.133
1999-04-01,1999,4,-1.279
1999-05-01,1999,5,-1.099
1999-06-01,1999,6,-1.259
1999-07-01,1999,7,-1.042
1999-08-01,1999,8,-1.035
1999-09-01,1999,9,-1.222
1999-10-01,1999,10,-1.459
1999-11-01,1999,11,-1.443
1999-12-01,1999,12,-1.345
2000-01-01,2000,1,-1.34
2000-02-01,2000,2,-1.102
2000-03-01,2000,3,-0.86
2000-04-01,2000,4,-0.687
2000-05-01,2000,5,-0.932
2000-06-01,2000,6,-0.902
2000-07-01,2000,7,-0.876
2000-08-01,2000,8,-0.815
2000-09-01,2000,9,-0.679
2000-10-01,2000,10,-0.797
2000-11-01,2000,11,-0.689
2000-12-01,2000,12,-0.634
2001-01-01,2001,1,-0.468
2001-02-01,2001,2,-0.597
2001-03-01,2001,3,-0.385
2001-04-01,2001,4,-0.501
2001-05-01,2001,5,-0.516
2001-06-01,2001,6,-0.53
2001-07-01,2001,7,-0.591
2001-08-01,2001,8,-0.321
2001-09-01,2001,9,-0.468
2001-10-01,2001,10,-0.606
2001-11-01,2001,11,-0.749
2001-12-01,2001,12,-0.716
2002-01-01,2002,1,-0.399
2002-02-01,2002,2,-0.459
2002-03-01,2002,3,-0.234
2002-04-01,2002,4,-0.087
2002-05-01,2002,5,-0.006
2002-06-01,2002,6,0.139
2002-07-01,2002,7,0.13
2002-08-01,2002,8,0.347
2002-09-01,2002,9,0.328
2002-10-01,2002,10,0.674
2002-11-01,2002,11,1.073
2002-12-01,2002,12,1.048
2003-01-01,2003,1,0.724
2003-02-01,2003,2,0.674
2003-03-01,2003,3,0.55
2003-04-01,2003,4,0.049
2003-05-01,2003,5,-0.374
2003-06-01,2003,6,-0.334
2003-07-01,2003,7,0.124
2003-08-01,2003,8,0.261
2003-09-01,2003,9,-0.076
2003-10-01,2003,10,0.353
2003-11-01,2003,11,0.463
2003-12-01,2003,12,0.278
2004-01-01,2004,1,0.104
2004-02-01,2004,2,-0.007
2004-03-01,2004,3,0.079
2004-04-01,2004,4,0.06
2004-05-01,2004,5,-0.228
2004-06-01,2004,6,-0.246
2004-07-01,2004,7,-0.167
2004-08-01,2004,8,0.084
2004-09-01,2004,9,0.244
2004-10-01,2004,10,0.239
2004-11-01,2004,11,0.336
2004-12-01,2004,12,0.577
2005-01-01,2005,1,0.549
2005-02-01,2005,2,0.035
2005-03-01,2005,3,0.225
2005-04-01,2005,4,0.145
2005-05-01,2005,5,0.175
2005-06-01,2005,6,-0.025
2005-07-01,2005,7,-0.228
2005-08-01,2005,8,-0.283
2005-09-01,2005,9,-0.545
2005-10-01,2005,10,-0.78
2005-11-01,2005,11,-1.087
2005-12-01,2005,12,-0.786
2006-01-01,2006,1,-0.565
2006-02-01,2006,2,-0.457
2006-03-01,2006,3,-0.498
2006-04-01,2006,4,-0.418
2006-05-01,2006,5,-0.206
2006-06-01,2006,6,0.02
2006-07-01,2006,7,0.157
2006-08-01,2006,8,0.318
2006-09-01,2006,9,0.362
2006-10-01,2006,10,0.716
2006-11-01,2006,11,0.806
2006-12-01,2006,12,1.065
2007-01-01,2007,1,0.738
2007-02-01,2007,2,0.265
2007-03-01,2007,3,-0.016
2007-04-01,2007,4,-0.028
2007-05-01,2007,5,-0.318
2007-06-01,2007,6,-0.244
2007-07-01,2007,7,-0.267
2007-08-01,2007,8,-0.555
2007-09-01,2007,9,-0.976
2007-10-01,2007,10,-1.312
2007-11-01,2007,11,-1.333
2007-12-01,2007,12,-1.25
2008-01-01,2008,1,-1.463
2008-02-01,2008,2,-1.401
2008-03-01,2008,3,-1.146
2008-04-01,2008,4,-1.039
2008-05-01,2008,5,-0.747
2008-06-01,2008,6,-0.668
2008-07-01,2008,7,-0.475
2008-08-01,2008,8,-0.307
2008-09-01,2008,9,-0.487
2008-10-01,2008,10,-0.604
2008-11-01,2008,11,-0.718
2008-12-01,2008,12,-0.956
2009-01-01,2009,1,-0.971
2009-02-01,2009,2,-0.936
2009-03-01,2009,3,-0.855
2009-04-01,2009,4,-0.404
2009-05-01,2009,5,-0.025
2009-06-01,2009,6,0.293
2009-07-01,2009,7,0.297
2009-08-01,2009,8,0.345
2009-09-01,2009,9,0.587
2009-10-01,2009,10,0.71
2009-11-01,2009,11,0.922
2009-12-01,2009,12,1.077
2010-01-01,2010,1,0.905
2010-02-01,2010,2,0.658
2010-03-01,2010,3,0.335
2010-04-01,2010,4,0.249
2010-05-01,2010,5,-0.096
2010-06-01,2010,6,-0.624
2010-07-01,2010,7,-1.184
2010-08-01,2010,8,-1.447
2010-09-01,2010,9,-1.802
2010-10-01,2010,10,-1.757
2010-11-01,2010,11,-1.577
2010-12-01,2010,12,-1.653
2011-01-01,2011,1,-1.59
2011-02-01,2011,2,-1.241
2011-03-01,2011,3,-1.1
2011-04-01,2011,4,-0.8
2011-05-01,2011,5,-0.829
2011-06-01,2011,6,-0.87
2011-07-01,2011,7,-0.98
2011-08-01,2011,8,-1.009
2011-09-01,2011,9,-1.05
2011-10-01,2011,10,-1.29
2011-11-01,2011,11,-1.419
2011-12-01,2011,12,-1.258
2012-01-01,2012,1,-0.844
2012-02-01,2012,2,-0.556
2012-03-01,2012,3,-0.57
2012-04-01,2012,4,-0.292
2012-05-01,2012,5,-0.43
2012-06-01,2012,6,-0.059
2012-07-01,2012,7,-0.134
2012-08-01,2012,8,-0.035
2012-09-01,2012,9,-0.219
2012-10-01,2012,10,-0.001
2012-11-01,2012,11,0.223
2012-12-01,2012,12,-0.227
2013-01-01,2013,1,-0.424
2013-02-01,2013,2,-0.449
2013-03-01,2013,3,-0.444
2013-04-01,2013,4,-0.409
2013-05-01,2013,5,-0.536
2013-06-01,2013,6,-0.687
2013-07-01,2013,7,-0.87
2013-08-01,2013,8,-0.91
2013-09-01,2013,9,-0.727
2013-10-01,2013,10,-0.581
2013-11-01,2013,11,-0.531
2013-12-01,2013,12,-0.511
2014-01-01,2014,1,-0.512
2014-02-01,2014,2,-0.428
2014-03-01,2014,3,-0.022
2014-04-01,2014,4,0.055
2014-05-01,2014,5,0.232
2014-06-01,2014,6,-0.072
2014-07-01,2014,7,-0.082
2014-08-01,2014,8,-0.187
2014-09-01,2014,9,-0.049
2014-10-01,2014,10,0.376
2014-11-01,2014,11,0.656
2014-12-01,2014,12,0.752
2015-01-01,2015,1,0.508
2015-02-01,2015,2,0.494
2015-03-01,2015,3,0.295
2015-04-01,2015,4,0.536
2015-05-01,2015,5,0.526
2015-06-01,2015,6,0.807
2015-07-01,2015,7,0.935
2015-08-01,2015,8,1.156
2015-09-01,2015,9,1.524
2015-10-01,2015,10,1.538
2015-11-01,2015,11,1.597
2015-12-01,2015,12,1.593
2016-01-01,2016,1,1.554
2016-02-01,2016,2,1.162
2016-03-01,2016,3,1.106
2016-04-01,2016,4,0.761
2016-05-01,2016,5,0.292
2016-06-01,2016,6,0.051
2016-07-01,2016,7,-0.283
2016-08-01,2016,8,-0.379
2016-09-01,2016,9,-0.643
2016-10-01,2016,10,-0.827
2016-11-01,2016,11,-0.464
2016-12-01,2016,12,-0.223
2017-01-01,2017,1,-0.132
2017-02-01,2017,2,0.013
2017-03-01,2017,3,-0.046
2017-04-01,2017,4,0.044
2017-05-01,2017,5,0.016
2017-06-01,2017,6,-0.118
2017-07-01,2017,7,-0.331
2017-08-01,2017,8,-0.47
2017-09-01,2017,9,-0.609
2017-10-01,2017,10,-0.862
2017-11-01,2017,11,-0.949
2017-12-01,2017,12,-1.066
2018-01-01,2018,1,-1.035
2018-02-01,2018,2,-1.035
2018-03-01,2018,3,-1.078
2018-04-01,2018,4,-0.74
2018-05-01,2018,5,-0.648
2018-06-01,2018,6,-0.548
2018-07-01,2018,7,-0.299
2018-08-01,2018,8,-0.233
2018-09-01,2018,9,-0.155
2018-10-01,2018,10,-0.031
2018-11-01,2018,11,-0.005
2018-12-01,2018,12,0.115
2019-01-01,2019,1,0.012
2019-02-01,2019,2,-0.09
2019-03-01,2019,3,0.012
2019-04-01,2019,4,0.08
2019-05-01,2019,5,0.113
2019-06-01,2019,6,-0.062
2019-07-01,2019,7,-0.182
2019-08-01,2019,8,-0.397
2019-09-01,2019,9,-0.374
2019-10-01,2019,10,-0.201
2019-11-01,2019,11,-0.04
2019-12-01,2019,12,-0.082
2020-01-01,2020,1,-0.165
2020-02-01,2020,2,-0.291
2020-03-01,2020,3,-0.339
2020-04-01,2020,4,-0.083
2020-05-01,2020,5,-0.435
2020-06-01,2020,6,-0.732
2020-07-01,2020,7,-0.865
2020-08-01,2020,8,-1.107
2020-09-01,2020,9,-1.367
2020-10-01,2020,10,-1.392
2020-11-01,2020,11,-1.626
2020-12-01,2020,12,-1.274
2021-01-01,2021,1,-1.27
2021-02-01,2021,2,-1.136
2021-03-01,2021,3,-0.997
2021-04-01,2021,4,-0.987
2021-05-01,2021,5,-1.012
2021-06-01,2021,6,-0.874
2021-07-01,2021,7,-0.909
2021-08-01,2021,8,-0.748
2021-09-01,2021,9,-1.057
2021-10-01,2021,10,-1.337
2021-11-01,2021,11,-1.6
2021-12-01,2021,12,-1.764
2022-01-01,2022,1,-1.487
2022-02-01,2022,2,-1.348
2022-03-01,2022,3,-1.304
2022-04-01,2022,4,-1.529
2022-05-01,2022,5,-1.669
2022-06-01,2022,6,-1.507
2022-07-01,2022,7,-1.743
2022-08-01,2022,8,-1.798
2022-09-01,2022,9,-1.946
2022-10-01,2022,10,-1.845
2022-11-01,2022,11,-1.74
2022-12-01,2022,12,-1.428
2023-01-01,2023,1,-1.048
2023-02-01,2023,2,-1.001
2023-03-01,2023,3,-0.724
2023-04-01,2023,4,-0.612
2023-05-01,2023,5,-0.293
2023-06-01,2023,6,-0.091
2023-07-01,2023,7,-0.044
2023-08-01,2023,8,0.311
2023-09-01,2023,9,0.352
2023-10-01,2023,10,0.563
2023-11-01,2023,11,0.725
2023-12-01,2023,12,0.553
2024-01-01,2024,1,0.498
2024-02-01,2024,2,0.385
2024-03-01,2024,3,0.12
2024-04-01,2024,4,0.004
2024-05-01,2024,5,-0.521
2024-06-01,2024,6,-0.607
2024-07-01,2024,7,-0.739
2024-08-01,2024,8,-0.714
2024-09-01,2024,9,-1.028
2024-10-01,2024,10,-1.064
2024-11-01,2024,11,-1.018
2024-12-01,2024,12,-1.186
2025-01-01,2025,1,-1.069
2025-02-01,2025,2,-0.799
2025-03-01,2025,3,-0.534
2025-04-01,2025,4,-0.721
2025-05-01,2025,5,-0.989
2025-06-01,2025,6,-1.165
2025-07-01,2025,7,-1.403
2025-08-01,2025,8,-1.325
2025-09-01,2025,9,-1.369
2025-10-01,2025,10,-1.388
2025-11-01,2025,11,-1.441
2025-12-01,2025,12,-1.27
2026-01-01,2026,1,-1.074
2026-02-01,2026,2,-0.734
2026-03-01,2026,3,-0.469
2026-04-01,2026,4,-0.174
2026-05-01,2026,5,0.099
2026-06-01,2026,6,0.406
2026-07-01,2026,7,0.641
2026-08-01,2026,8,1.088
